Organization,Category,Year,Value,Address,Latitude,Longitude
gichd geneva international centre for humanitarian demining,Energy,2022,12.6,"Chemin Eugène-Rigot 2C
1202 Geneva
Switzerland",46.2232015,6.1437187
gichd geneva international centre for humanitarian demining,Mobility,2022,106.1,"Chemin Eugène-Rigot 2C
1202 Geneva
Switzerland",46.2232015,6.1437187
gichd geneva international centre for humanitarian demining,Consumables,2022,14.9,"Chemin Eugène-Rigot 2C
1202 Geneva
Switzerland",46.2232015,6.1437187
gichd geneva international centre for humanitarian demining,Waste,2022,0.2,"Chemin Eugène-Rigot 2C
1202 Geneva
Switzerland",46.2232015,6.1437187
gichd geneva international centre for humanitarian demining,Food and  Hotels,2022,90.8,"Chemin Eugène-Rigot 2C
1202 Geneva
Switzerland",46.2232015,6.1437187
gichd geneva international centre for humanitarian demining,Energy,2021,16.0,"Chemin Eugène-Rigot 2C
1202 Geneva
Switzerland",46.2232015,6.1437187
gichd geneva international centre for humanitarian demining,Mobility,2021,116.0,"Chemin Eugène-Rigot 2C
1202 Geneva
Switzerland",46.2232015,6.1437187
gichd geneva international centre for humanitarian demining,Consumables,2021,13.0,"Chemin Eugène-Rigot 2C
1202 Geneva
Switzerland",46.2232015,6.1437187
gichd geneva international centre for humanitarian demining,Waste,2021,0.0,"Chemin Eugène-Rigot 2C
1202 Geneva
Switzerland",46.2232015,6.1437187
gichd geneva international centre for humanitarian demining,Food and  Hotels,2021,73.0,"Chemin Eugène-Rigot 2C
1202 Geneva
Switzerland",46.2232015,6.1437187
diplomatic club of geneva,Energy,2022,1.3,"Rue de Lausanne 139
1202 Genève
Switzerland",46.217619,6.1481622
diplomatic club of geneva,Mobility,2022,0.4,"Rue de Lausanne 139
1202 Genève
Switzerland",46.217619,6.1481622
diplomatic club of geneva,Consumables,2022,0.0,"Rue de Lausanne 139
1202 Genève
Switzerland",46.217619,6.1481622
diplomatic club of geneva,Waste,2022,0.0,"Rue de Lausanne 139
1202 Genève
Switzerland",46.217619,6.1481622
diplomatic club of geneva,Food and  Hotels,2022,2.9,"Rue de Lausanne 139
1202 Genève
Switzerland",46.217619,6.1481622
diplomatic club of geneva,Energy,2021,0.1,"Rue de Lausanne 139
1202 Genève
Switzerland",46.217619,6.1481622
diplomatic club of geneva,Mobility,2021,0.4,"Rue de Lausanne 139
1202 Genève
Switzerland",46.217619,6.1481622
diplomatic club of geneva,Consumables,2021,0.2,"Rue de Lausanne 139
1202 Genève
Switzerland",46.217619,6.1481622
diplomatic club of geneva,Waste,2021,0.0,"Rue de Lausanne 139
1202 Genève
Switzerland",46.217619,6.1481622
diplomatic club of geneva,Food and  Hotels,2021,9.9,"Rue de Lausanne 139
1202 Genève
Switzerland",46.217619,6.1481622
permanent mission of the fiji republic,Energy,2022,0.1,"Avenue de France 23
1202 Geneva
Switzerland",46.2200491,6.143868
permanent mission of the fiji republic,Mobility,2022,15.9,"Avenue de France 23
1202 Geneva
Switzerland",46.2200491,6.143868
permanent mission of the fiji republic,Consumables,2022,0.1,"Avenue de France 23
1202 Geneva
Switzerland",46.2200491,6.143868
permanent mission of the fiji republic,Waste,2022,0.0,"Avenue de France 23
1202 Geneva
Switzerland",46.2200491,6.143868
permanent mission of the fiji republic,Food and  Hotels,2022,0.5,"Avenue de France 23
1202 Geneva
Switzerland",46.2200491,6.143868
permanent mission of the fiji republic,Energy,2021,4.0,"Avenue de France 23
1202 Geneva
Switzerland",46.2200491,6.143868
permanent mission of the fiji republic,Mobility,2021,1.0,"Avenue de France 23
1202 Geneva
Switzerland",46.2200491,6.143868
permanent mission of the fiji republic,Consumables,2021,0.0,"Avenue de France 23
1202 Geneva
Switzerland",46.2200491,6.143868
permanent mission of the fiji republic,Waste,2021,0.0,"Avenue de France 23
1202 Geneva
Switzerland",46.2200491,6.143868
permanent mission of the fiji republic,Food and  Hotels,2021,2.0,"Avenue de France 23
1202 Geneva
Switzerland",46.2200491,6.143868
permanent mission of the fiji republic,Energy,2020,1.0,"Avenue de France 23
1202 Geneva
Switzerland",46.2200491,6.143868
permanent mission of the fiji republic,Mobility,2020,23.0,"Avenue de France 23
1202 Geneva
Switzerland",46.2200491,6.143868
permanent mission of the fiji republic,Food / Hotels,2020,1.0,"Avenue de France 23
1202 Geneva
Switzerland",46.2200491,6.143868
permanent mission of the fiji republic,Waste,2020,0.0,"Avenue de France 23
1202 Geneva
Switzerland",46.2200491,6.143868
permanent mission of the fiji republic,Consumables,2020,4.0,"Avenue de France 23
1202 Geneva
Switzerland",46.2200491,6.143868
un human rights office of the high commissioner for human rights,Energy,2022,319.8,"Rue Varembé, 3
1202 Genève
Switzerland
",46.22092633253714,6.139227211889732
un human rights office of the high commissioner for human rights,Mobility,2022,1043.0,"Rue Varembé, 3
1202 Genève
Switzerland
",46.22092633253714,6.139227211889732
un human rights office of the high commissioner for human rights,Consumables,2022,19.3,"Rue Varembé, 3
1202 Genève
Switzerland
",46.22092633253714,6.139227211889732
un human rights office of the high commissioner for human rights,Waste,2022,4.9,"Rue Varembé, 3
1202 Genève
Switzerland
",46.22092633253714,6.139227211889732
un human rights office of the high commissioner for human rights,Food and  Hotels,2022,0.0,"Rue Varembé, 3
1202 Genève
Switzerland
",46.22092633253714,6.139227211889732
un human rights office of the high commissioner for human rights,Energy,2021,232.0,"Rue Varembé, 3
1202 Genève
Switzerland
",46.22092633253714,6.139227211889732
un human rights office of the high commissioner for human rights,Mobility,2021,709.0,"Rue Varembé, 3
1202 Genève
Switzerland
",46.22092633253714,6.139227211889732
un human rights office of the high commissioner for human rights,Consumables,2021,375.0,"Rue Varembé, 3
1202 Genève
Switzerland
",46.22092633253714,6.139227211889732
un human rights office of the high commissioner for human rights,Waste,2021,25.0,"Rue Varembé, 3
1202 Genève
Switzerland
",46.22092633253714,6.139227211889732
un human rights office of the high commissioner for human rights,Food and  Hotels,2021,0.0,"Rue Varembé, 3
1202 Genève
Switzerland
",46.22092633253714,6.139227211889732
un human rights office of the high commissioner for human rights,Energy,2020,234.0,"Rue Varembé, 3
1202 Genève
Switzerland
",46.22092633253714,6.139227211889732
un human rights office of the high commissioner for human rights,Mobility (*),2020,3927.0,"Rue Varembé, 3
1202 Genève
Switzerland
",46.22092633253714,6.139227211889732
un human rights office of the high commissioner for human rights,Food / Hotels,2020,0.0,"Rue Varembé, 3
1202 Genève
Switzerland
",46.22092633253714,6.139227211889732
un human rights office of the high commissioner for human rights,Waste,2020,13.0,"Rue Varembé, 3
1202 Genève
Switzerland
",46.22092633253714,6.139227211889732
un human rights office of the high commissioner for human rights,Consumables,2020,25.0,"Rue Varembé, 3
1202 Genève
Switzerland
",46.22092633253714,6.139227211889732
icva international council of voluntary agencies,Energy,2022,6.5,"Palais des Nations
Avenue de la Paix 8-14
1211 Genève
Switzerland",46.2257055,6.140806439130429
icva international council of voluntary agencies,Mobility,2022,8.9,"Palais des Nations
Avenue de la Paix 8-14
1211 Genève
Switzerland",46.2257055,6.140806439130429
icva international council of voluntary agencies,Consumables,2022,1.1,"Palais des Nations
Avenue de la Paix 8-14
1211 Genève
Switzerland",46.2257055,6.140806439130429
icva international council of voluntary agencies,Waste,2022,0.1,"Palais des Nations
Avenue de la Paix 8-14
1211 Genève
Switzerland",46.2257055,6.140806439130429
icva international council of voluntary agencies,Food and  Hotels,2022,6.0,"Palais des Nations
Avenue de la Paix 8-14
1211 Genève
Switzerland",46.2257055,6.140806439130429
icva international council of voluntary agencies,Energy,2021,10.0,"Palais des Nations
Avenue de la Paix 8-14
1211 Genève
Switzerland",46.2257055,6.140806439130429
icva international council of voluntary agencies,Mobility,2021,3.0,"Palais des Nations
Avenue de la Paix 8-14
1211 Genève
Switzerland",46.2257055,6.140806439130429
icva international council of voluntary agencies,Consumables,2021,1.0,"Palais des Nations
Avenue de la Paix 8-14
1211 Genève
Switzerland",46.2257055,6.140806439130429
icva international council of voluntary agencies,Waste,2021,0.0,"Palais des Nations
Avenue de la Paix 8-14
1211 Genève
Switzerland",46.2257055,6.140806439130429
icva international council of voluntary agencies,Food and  Hotels,2021,11.0,"Palais des Nations
Avenue de la Paix 8-14
1211 Genève
Switzerland",46.2257055,6.140806439130429
path foundation for appropriate technologies in health,Energy,2022,6.1,"Palais des Nations
Avenue de la Paix 8-14
1211 Genève
Switzerland",46.2257055,6.140806439130429
path foundation for appropriate technologies in health,Mobility,2022,17.1,"Palais des Nations
Avenue de la Paix 8-14
1211 Genève
Switzerland",46.2257055,6.140806439130429
path foundation for appropriate technologies in health,Consumables,2022,2.6,"Palais des Nations
Avenue de la Paix 8-14
1211 Genève
Switzerland",46.2257055,6.140806439130429
path foundation for appropriate technologies in health,Waste,2022,0.1,"Palais des Nations
Avenue de la Paix 8-14
1211 Genève
Switzerland",46.2257055,6.140806439130429
path foundation for appropriate technologies in health,Food and  Hotels,2022,22.1,"Palais des Nations
Avenue de la Paix 8-14
1211 Genève
Switzerland",46.2257055,6.140806439130429
path foundation for appropriate technologies in health,Energy,2021,4.0,"Palais des Nations
Avenue de la Paix 8-14
1211 Genève
Switzerland",46.2257055,6.140806439130429
path foundation for appropriate technologies in health,Mobility,2021,18.0,"Palais des Nations
Avenue de la Paix 8-14
1211 Genève
Switzerland",46.2257055,6.140806439130429
path foundation for appropriate technologies in health,Consumables,2021,1.0,"Palais des Nations
Avenue de la Paix 8-14
1211 Genève
Switzerland",46.2257055,6.140806439130429
path foundation for appropriate technologies in health,Waste,2021,0.0,"Palais des Nations
Avenue de la Paix 8-14
1211 Genève
Switzerland",46.2257055,6.140806439130429
path foundation for appropriate technologies in health,Food and  Hotels,2021,13.0,"Palais des Nations
Avenue de la Paix 8-14
1211 Genève
Switzerland",46.2257055,6.140806439130429
path foundation for appropriate technologies in health,Energy,2020,6.0,"Palais des Nations
Avenue de la Paix 8-14
1211 Genève
Switzerland",46.2257055,6.140806439130429
path foundation for appropriate technologies in health,Mobility,2020,120.0,"Palais des Nations
Avenue de la Paix 8-14
1211 Genève
Switzerland",46.2257055,6.140806439130429
path foundation for appropriate technologies in health,Food / Hotels,2020,15.0,"Palais des Nations
Avenue de la Paix 8-14
1211 Genève
Switzerland",46.2257055,6.140806439130429
path foundation for appropriate technologies in health,Waste,2020,1.0,"Palais des Nations
Avenue de la Paix 8-14
1211 Genève
Switzerland",46.2257055,6.140806439130429
path foundation for appropriate technologies in health,Consumables,2020,1.0,"Palais des Nations
Avenue de la Paix 8-14
1211 Genève
Switzerland",46.2257055,6.140806439130429
permanent delegation of the european union,Energy,2022,31.9,"Rue du Grand-Pré 64
1202 Geneva
Switzerland",46.2156717,6.1322563
permanent delegation of the european union,Mobility,2022,57.1,"Rue du Grand-Pré 64
1202 Geneva
Switzerland",46.2156717,6.1322563
permanent delegation of the european union,Consumables,2022,15.1,"Rue du Grand-Pré 64
1202 Geneva
Switzerland",46.2156717,6.1322563
permanent delegation of the european union,Waste,2022,0.0,"Rue du Grand-Pré 64
1202 Geneva
Switzerland",46.2156717,6.1322563
permanent delegation of the european union,Food and  Hotels,2022,49.4,"Rue du Grand-Pré 64
1202 Geneva
Switzerland",46.2156717,6.1322563
permanent delegation of the european union,Energy,2021,63.0,"Rue du Grand-Pré 64
1202 Geneva
Switzerland",46.2156717,6.1322563
permanent delegation of the european union,Mobility,2021,37.0,"Rue du Grand-Pré 64
1202 Geneva
Switzerland",46.2156717,6.1322563
permanent delegation of the european union,Consumables,2021,11.0,"Rue du Grand-Pré 64
1202 Geneva
Switzerland",46.2156717,6.1322563
permanent delegation of the european union,Waste,2021,0.0,"Rue du Grand-Pré 64
1202 Geneva
Switzerland",46.2156717,6.1322563
permanent delegation of the european union,Food and  Hotels,2021,54.0,"Rue du Grand-Pré 64
1202 Geneva
Switzerland",46.2156717,6.1322563
permanent delegation of the european union,Energy,2020,42.0,"Rue du Grand-Pré 64
1202 Geneva
Switzerland",46.2156717,6.1322563
permanent delegation of the european union,Mobility,2020,70.0,"Rue du Grand-Pré 64
1202 Geneva
Switzerland",46.2156717,6.1322563
permanent delegation of the european union,Food / Hotels,2020,57.0,"Rue du Grand-Pré 64
1202 Geneva
Switzerland",46.2156717,6.1322563
permanent delegation of the european union,Waste,2020,13.0,"Rue du Grand-Pré 64
1202 Geneva
Switzerland",46.2156717,6.1322563
permanent delegation of the european union,Consumables,2020,9.0,"Rue du Grand-Pré 64
1202 Geneva
Switzerland",46.2156717,6.1322563
unhcr the un refugee agency,Energy,2022,0.0,"Chemin du Petit-Saconnex 28B
1209 Geneva
Switzerland",46.222618,6.1329042
unhcr the un refugee agency,Mobility,2022,0.0,"Chemin du Petit-Saconnex 28B
1209 Geneva
Switzerland",46.222618,6.1329042
unhcr the un refugee agency,Consumables,2022,0.0,"Chemin du Petit-Saconnex 28B
1209 Geneva
Switzerland",46.222618,6.1329042
unhcr the un refugee agency,Waste,2022,0.0,"Chemin du Petit-Saconnex 28B
1209 Geneva
Switzerland",46.222618,6.1329042
unhcr the un refugee agency,Food and  Hotels,2022,0.0,"Chemin du Petit-Saconnex 28B
1209 Geneva
Switzerland",46.222618,6.1329042
unhcr the un refugee agency,Energy,2021,149.0,"Chemin du Petit-Saconnex 28B
1209 Geneva
Switzerland",46.222618,6.1329042
unhcr the un refugee agency,Mobility,2021,486.0,"Chemin du Petit-Saconnex 28B
1209 Geneva
Switzerland",46.222618,6.1329042
unhcr the un refugee agency,Consumables,2021,188.0,"Chemin du Petit-Saconnex 28B
1209 Geneva
Switzerland",46.222618,6.1329042
unhcr the un refugee agency,Waste,2021,14.0,"Chemin du Petit-Saconnex 28B
1209 Geneva
Switzerland",46.222618,6.1329042
unhcr the un refugee agency,Food and  Hotels,2021,0.0,"Chemin du Petit-Saconnex 28B
1209 Geneva
Switzerland",46.222618,6.1329042
unhcr the un refugee agency,Energy,2020,92.0,"Chemin du Petit-Saconnex 28B
1209 Geneva
Switzerland",46.222618,6.1329042
unhcr the un refugee agency,Mobility,2020,1079.0,"Chemin du Petit-Saconnex 28B
1209 Geneva
Switzerland",46.222618,6.1329042
unhcr the un refugee agency,Food / Hotels,2020,92.0,"Chemin du Petit-Saconnex 28B
1209 Geneva
Switzerland",46.222618,6.1329042
unhcr the un refugee agency,Waste,2020,13.0,"Chemin du Petit-Saconnex 28B
1209 Geneva
Switzerland",46.222618,6.1329042
unhcr the un refugee agency,Consumables,2020,240.0,"Chemin du Petit-Saconnex 28B
1209 Geneva
Switzerland",46.222618,6.1329042
ebu european broadcasting union,Energy,2022,517.0,"Esplanade des Particules 1
1211 Geneva
Switzerland",46.2330338,6.0556926
ebu european broadcasting union,Mobility,2022,173.9,"Esplanade des Particules 1
1211 Geneva
Switzerland",46.2330338,6.0556926
ebu european broadcasting union,Consumables,2022,29.0,"Esplanade des Particules 1
1211 Geneva
Switzerland",46.2330338,6.0556926
ebu european broadcasting union,Waste,2022,21.2,"Esplanade des Particules 1
1211 Geneva
Switzerland",46.2330338,6.0556926
ebu european broadcasting union,Food and  Hotels,2022,66.1,"Esplanade des Particules 1
1211 Geneva
Switzerland",46.2330338,6.0556926
ebu european broadcasting union,Energy,2021,393.0,"Esplanade des Particules 1
1211 Geneva
Switzerland",46.2330338,6.0556926
ebu european broadcasting union,Mobility,2021,228.0,"Esplanade des Particules 1
1211 Geneva
Switzerland",46.2330338,6.0556926
ebu european broadcasting union,Consumables,2021,28.0,"Esplanade des Particules 1
1211 Geneva
Switzerland",46.2330338,6.0556926
ebu european broadcasting union,Waste,2021,29.0,"Esplanade des Particules 1
1211 Geneva
Switzerland",46.2330338,6.0556926
ebu european broadcasting union,Food and  Hotels,2021,37.0,"Esplanade des Particules 1
1211 Geneva
Switzerland",46.2330338,6.0556926
ebu european broadcasting union,Energy,2020,270.0,"Esplanade des Particules 1
1211 Geneva
Switzerland",46.2330338,6.0556926
ebu european broadcasting union,Mobility,2020,1107.0,"Esplanade des Particules 1
1211 Geneva
Switzerland",46.2330338,6.0556926
ebu european broadcasting union,Food and  Hotels,2020,286.0,"Esplanade des Particules 1
1211 Geneva
Switzerland",46.2330338,6.0556926
ebu european broadcasting union,Waste,2020,29.0,"Esplanade des Particules 1
1211 Geneva
Switzerland",46.2330338,6.0556926
ebu european broadcasting union,Consumables,2020,26.0,"Esplanade des Particules 1
1211 Geneva
Switzerland",46.2330338,6.0556926
permanent mission of the republic of costa rica,Energy,2022,1.0,"Avenue de France 23
1202 Geneva
Switzerland",46.2200491,6.143868
permanent mission of the republic of costa rica,Mobility,2022,0.1,"Avenue de France 23
1202 Geneva
Switzerland",46.2200491,6.143868
permanent mission of the republic of costa rica,Consumables,2022,0.0,"Avenue de France 23
1202 Geneva
Switzerland",46.2200491,6.143868
permanent mission of the republic of costa rica,Waste,2022,0.2,"Avenue de France 23
1202 Geneva
Switzerland",46.2200491,6.143868
permanent mission of the republic of costa rica,Food and  Hotels,2022,3.1,"Avenue de France 23
1202 Geneva
Switzerland",46.2200491,6.143868
permanent mission of the republic of costa rica,Energy,2021,1.0,"Avenue de France 23
1202 Geneva
Switzerland",46.2200491,6.143868
permanent mission of the republic of costa rica,Mobility,2021,0.0,"Avenue de France 23
1202 Geneva
Switzerland",46.2200491,6.143868
permanent mission of the republic of costa rica,Consumables,2021,1.0,"Avenue de France 23
1202 Geneva
Switzerland",46.2200491,6.143868
permanent mission of the republic of costa rica,Waste,2021,0.0,"Avenue de France 23
1202 Geneva
Switzerland",46.2200491,6.143868
permanent mission of the republic of costa rica,Food and  Hotels,2021,1.0,"Avenue de France 23
1202 Geneva
Switzerland",46.2200491,6.143868
permanent mission of the republic of costa rica,Energy,2020,0.0,"Avenue de France 23
1202 Geneva
Switzerland",46.2200491,6.143868
permanent mission of the republic of costa rica,Mobility,2020,0.0,"Avenue de France 23
1202 Geneva
Switzerland",46.2200491,6.143868
permanent mission of the republic of costa rica,Food / Hotels,2020,3.0,"Avenue de France 23
1202 Geneva
Switzerland",46.2200491,6.143868
permanent mission of the republic of costa rica,Waste,2020,0.0,"Avenue de France 23
1202 Geneva
Switzerland",46.2200491,6.143868
permanent mission of the republic of costa rica,Consumables,2020,3.0,"Avenue de France 23
1202 Geneva
Switzerland",46.2200491,6.143868
permanent mission of ireland,Energy,2022,72.0,"Rue de Moillebeau 56-58
1209 Geneva",46.2205313,6.1295725
permanent mission of ireland,Mobility,2022,9.0,"Rue de Moillebeau 56-58
1209 Geneva",46.2205313,6.1295725
permanent mission of ireland,Consumables,2022,4.0,"Rue de Moillebeau 56-58
1209 Geneva",46.2205313,6.1295725
permanent mission of ireland,Waste,2022,0.0,"Rue de Moillebeau 56-58
1209 Geneva",46.2205313,6.1295725
permanent mission of ireland,Food and  Hotels,2022,10.0,"Rue de Moillebeau 56-58
1209 Geneva",46.2205313,6.1295725
permanent mission of ireland,Energy,2021,0.0,"Rue de Moillebeau 56-58
1209 Geneva",46.2205313,6.1295725
permanent mission of ireland,Mobility,2021,11.0,"Rue de Moillebeau 56-58
1209 Geneva",46.2205313,6.1295725
permanent mission of ireland,Food / Hotels,2021,6.0,"Rue de Moillebeau 56-58
1209 Geneva",46.2205313,6.1295725
permanent mission of ireland,Waste,2021,1.0,"Rue de Moillebeau 56-58
1209 Geneva",46.2205313,6.1295725
permanent mission of ireland,Consumables,2021,3.0,"Rue de Moillebeau 56-58
1209 Geneva",46.2205313,6.1295725
office of the united nations in geneva,Energy,2022,2117.9,"Avenue de France 23
1202 Geneva
Switzerland",46.2200491,6.143868
office of the united nations in geneva,Mobility,2022,19.9,"Avenue de France 23
1202 Geneva
Switzerland",46.2200491,6.143868
office of the united nations in geneva,Consumables,2022,15.5,"Avenue de France 23
1202 Geneva
Switzerland",46.2200491,6.143868
office of the united nations in geneva,Waste,2022,132.8,"Avenue de France 23
1202 Geneva
Switzerland",46.2200491,6.143868
office of the united nations in geneva,Food and  Hotels,2022,1.7,"Avenue de France 23
1202 Geneva
Switzerland",46.2200491,6.143868
office of the united nations in geneva,Energy,2021,1739.0,"Avenue de France 23
1202 Geneva
Switzerland",46.2200491,6.143868
office of the united nations in geneva,Mobility,2021,18.0,"Avenue de France 23
1202 Geneva
Switzerland",46.2200491,6.143868
office of the united nations in geneva,Consumables,2021,48.0,"Avenue de France 23
1202 Geneva
Switzerland",46.2200491,6.143868
office of the united nations in geneva,Waste,2021,171.0,"Avenue de France 23
1202 Geneva
Switzerland",46.2200491,6.143868
office of the united nations in geneva,Food and  Hotels,2021,650.0,"Avenue de France 23
1202 Geneva
Switzerland",46.2200491,6.143868
office of the united nations in geneva,Energy,2020,2084.0,"Avenue de France 23
1202 Geneva
Switzerland",46.2200491,6.143868
office of the united nations in geneva,Mobility,2020,83.0,"Avenue de France 23
1202 Geneva
Switzerland",46.2200491,6.143868
office of the united nations in geneva,Food / Hotels (*),2020,1130.0,"Avenue de France 23
1202 Geneva
Switzerland",46.2200491,6.143868
office of the united nations in geneva,Waste,2020,95.0,"Avenue de France 23
1202 Geneva
Switzerland",46.2200491,6.143868
office of the united nations in geneva,Consumables,2020,0.0,"Avenue de France 23
1202 Geneva
Switzerland",46.2200491,6.143868
geneva call,Energy,2022,21.0,"Rue de Varembé 7
1202 Geneva
Switzerland",46.2213651,6.1395961
geneva call,Mobility,2022,26.0,"Rue de Varembé 7
1202 Geneva
Switzerland",46.2213651,6.1395961
geneva call,Consumables,2022,4.0,"Rue de Varembé 7
1202 Geneva
Switzerland",46.2213651,6.1395961
geneva call,Waste,2022,1.0,"Rue de Varembé 7
1202 Geneva
Switzerland",46.2213651,6.1395961
geneva call,Food and  Hotels,2022,27.0,"Rue de Varembé 7
1202 Geneva
Switzerland",46.2213651,6.1395961
geneva call,Energy,2021,21.0,"Rue de Varembé 7
1202 Geneva
Switzerland",46.2213651,6.1395961
geneva call,Mobility,2021,157.0,"Rue de Varembé 7
1202 Geneva
Switzerland",46.2213651,6.1395961
geneva call,Food / Hotels,2021,32.0,"Rue de Varembé 7
1202 Geneva
Switzerland",46.2213651,6.1395961
geneva call,Waste,2021,1.0,"Rue de Varembé 7
1202 Geneva
Switzerland",46.2213651,6.1395961
geneva call,Consumables,2021,3.0,"Rue de Varembé 7
1202 Geneva
Switzerland",46.2213651,6.1395961
upov international union for the protection of new varieties of plants,Energy,2022,22.5,"Chemin des Colombettes 34
1211 Geneva
Switzerland",46.2218286,6.137159
upov international union for the protection of new varieties of plants,Mobility,2022,1.3,"Chemin des Colombettes 34
1211 Geneva
Switzerland",46.2218286,6.137159
upov international union for the protection of new varieties of plants,Consumables,2022,0.0,"Chemin des Colombettes 34
1211 Geneva
Switzerland",46.2218286,6.137159
upov international union for the protection of new varieties of plants,Waste,2022,0.7,"Chemin des Colombettes 34
1211 Geneva
Switzerland",46.2218286,6.137159
upov international union for the protection of new varieties of plants,Food and  Hotels,2022,0.0,"Chemin des Colombettes 34
1211 Geneva
Switzerland",46.2218286,6.137159
upov international union for the protection of new varieties of plants,Energy,2021,18.0,"Chemin des Colombettes 34
1211 Geneva
Switzerland",46.2218286,6.137159
upov international union for the protection of new varieties of plants,Mobility,2021,31.0,"Chemin des Colombettes 34
1211 Geneva
Switzerland",46.2218286,6.137159
upov international union for the protection of new varieties of plants,Consumables,2021,0.0,"Chemin des Colombettes 34
1211 Geneva
Switzerland",46.2218286,6.137159
upov international union for the protection of new varieties of plants,Waste,2021,0.0,"Chemin des Colombettes 34
1211 Geneva
Switzerland",46.2218286,6.137159
upov international union for the protection of new varieties of plants,Food and  Hotels,2021,0.0,"Chemin des Colombettes 34
1211 Geneva
Switzerland",46.2218286,6.137159
upov international union for the protection of new varieties of plants,Energy,2020,18.0,"Chemin des Colombettes 34
1211 Geneva
Switzerland",46.2218286,6.137159
upov international union for the protection of new varieties of plants,Mobility,2020,81.0,"Chemin des Colombettes 34
1211 Geneva
Switzerland",46.2218286,6.137159
upov international union for the protection of new varieties of plants,Food / Hotels,2020,0.0,"Chemin des Colombettes 34
1211 Geneva
Switzerland",46.2218286,6.137159
upov international union for the protection of new varieties of plants,Waste,2020,2.0,"Chemin des Colombettes 34
1211 Geneva
Switzerland",46.2218286,6.137159
upov international union for the protection of new varieties of plants,Consumables,2020,0.0,"Chemin des Colombettes 34
1211 Geneva
Switzerland",46.2218286,6.137159
permanent mission of finland,Energy,2022,3.2,"Avenue de France 23
1202 Geneva
Switzerland",46.2200491,6.143868
permanent mission of finland,Mobility,2022,13.2,"Avenue de France 23
1202 Geneva
Switzerland",46.2200491,6.143868
permanent mission of finland,Consumables,2022,18.6,"Avenue de France 23
1202 Geneva
Switzerland",46.2200491,6.143868
permanent mission of finland,Waste,2022,0.4,"Avenue de France 23
1202 Geneva
Switzerland",46.2200491,6.143868
permanent mission of finland,Food and  Hotels,2022,22.1,"Avenue de France 23
1202 Geneva
Switzerland",46.2200491,6.143868
permanent mission of finland,Energy,2021,21.0,"Avenue de France 23
1202 Geneva
Switzerland",46.2200491,6.143868
permanent mission of finland,Mobility,2021,4.0,"Avenue de France 23
1202 Geneva
Switzerland",46.2200491,6.143868
permanent mission of finland,Consumables,2021,2.0,"Avenue de France 23
1202 Geneva
Switzerland",46.2200491,6.143868
permanent mission of finland,Waste,2021,0.0,"Avenue de France 23
1202 Geneva
Switzerland",46.2200491,6.143868
permanent mission of finland,Food and  Hotels,2021,17.0,"Avenue de France 23
1202 Geneva
Switzerland",46.2200491,6.143868
permanent mission of finland,Energy,2020,21.0,"Avenue de France 23
1202 Geneva
Switzerland",46.2200491,6.143868
permanent mission of finland,Mobility,2020,8.0,"Avenue de France 23
1202 Geneva
Switzerland",46.2200491,6.143868
permanent mission of finland,Food / Hotels,2020,8.0,"Avenue de France 23
1202 Geneva
Switzerland",46.2200491,6.143868
permanent mission of finland,Waste,2020,0.0,"Avenue de France 23
1202 Geneva
Switzerland",46.2200491,6.143868
permanent mission of finland,Consumables,2020,1.0,"Avenue de France 23
1202 Geneva
Switzerland",46.2200491,6.143868
fipoi foundation for buildings for international organisations,Energy,2022,21.3,"Boulevard du Théâtre 4
1204 Genève",46.2022496,6.1416388
fipoi foundation for buildings for international organisations,Mobility,2022,36.2,"Boulevard du Théâtre 4
1204 Genève",46.2022496,6.1416388
fipoi foundation for buildings for international organisations,Consumables,2022,3.0,"Boulevard du Théâtre 4
1204 Genève",46.2022496,6.1416388
fipoi foundation for buildings for international organisations,Waste,2022,0.4,"Boulevard du Théâtre 4
1204 Genève",46.2022496,6.1416388
fipoi foundation for buildings for international organisations,Food and  Hotels,2022,44.0,"Boulevard du Théâtre 4
1204 Genève",46.2022496,6.1416388
fipoi foundation for buildings for international organisations,Energy,2021,19.0,"Boulevard du Théâtre 4
1204 Genève",46.2022496,6.1416388
fipoi foundation for buildings for international organisations,Mobility,2021,63.0,"Boulevard du Théâtre 4
1204 Genève",46.2022496,6.1416388
fipoi foundation for buildings for international organisations,Consumables,2021,9.0,"Boulevard du Théâtre 4
1204 Genève",46.2022496,6.1416388
fipoi foundation for buildings for international organisations,Waste,2021,1.0,"Boulevard du Théâtre 4
1204 Genève",46.2022496,6.1416388
fipoi foundation for buildings for international organisations,Food and  Hotels,2021,32.0,"Boulevard du Théâtre 4
1204 Genève",46.2022496,6.1416388
fipoi foundation for buildings for international organisations,Energy,2020,17.0,"Boulevard du Théâtre 4
1204 Genève",46.2022496,6.1416388
fipoi foundation for buildings for international organisations,Mobility,2020,40.0,"Boulevard du Théâtre 4
1204 Genève",46.2022496,6.1416388
fipoi foundation for buildings for international organisations,Food / Hotels,2020,23.0,"Boulevard du Théâtre 4
1204 Genève",46.2022496,6.1416388
fipoi foundation for buildings for international organisations,Waste,2020,1.0,"Boulevard du Théâtre 4
1204 Genève",46.2022496,6.1416388
fipoi foundation for buildings for international organisations,Consumables,2020,10.0,"Boulevard du Théâtre 4
1204 Genève",46.2022496,6.1416388
permanent mission of the principality of monaco,Energy,2022,21.0,"Rue du Môle 32
1201 Geneva
Switzerland",46.21326055326364,6.147476023532721
permanent mission of the principality of monaco,Mobility,2022,4.0,"Rue du Môle 32
1201 Geneva
Switzerland",46.21326055326364,6.147476023532721
permanent mission of the principality of monaco,Food / Hotels,2022,4.0,"Rue du Môle 32
1201 Geneva
Switzerland",46.21326055326364,6.147476023532721
permanent mission of the principality of monaco,Waste,2022,0.0,"Rue du Môle 32
1201 Geneva
Switzerland",46.21326055326364,6.147476023532721
permanent mission of the principality of monaco,Consumables,2022,16.0,"Rue du Môle 32
1201 Geneva
Switzerland",46.21326055326364,6.147476023532721
permanent mission of the republic of rwanda,Energy,2022,11.6,"Rue de Lausanne 80
1201 Geneva
Switzerland",46.2167065,6.1480928
permanent mission of the republic of rwanda,Mobility,2022,4.8,"Rue de Lausanne 80
1201 Geneva
Switzerland",46.2167065,6.1480928
permanent mission of the republic of rwanda,Consumables,2022,3.6,"Rue de Lausanne 80
1201 Geneva
Switzerland",46.2167065,6.1480928
permanent mission of the republic of rwanda,Waste,2022,0.0,"Rue de Lausanne 80
1201 Geneva
Switzerland",46.2167065,6.1480928
permanent mission of the republic of rwanda,Food and  Hotels,2022,2.5,"Rue de Lausanne 80
1201 Geneva
Switzerland",46.2167065,6.1480928
permanent mission of the republic of rwanda,Energy,2021,26.0,"Rue de Lausanne 80
1201 Geneva
Switzerland",46.2167065,6.1480928
permanent mission of the republic of rwanda,Mobility,2021,7.0,"Rue de Lausanne 80
1201 Geneva
Switzerland",46.2167065,6.1480928
permanent mission of the republic of rwanda,Consumables,2021,3.0,"Rue de Lausanne 80
1201 Geneva
Switzerland",46.2167065,6.1480928
permanent mission of the republic of rwanda,Waste,2021,0.0,"Rue de Lausanne 80
1201 Geneva
Switzerland",46.2167065,6.1480928
permanent mission of the republic of rwanda,Food and  Hotels,2021,11.0,"Rue de Lausanne 80
1201 Geneva
Switzerland",46.2167065,6.1480928
permanent mission of the republic of rwanda,Energy,2020,22.0,"Rue de Lausanne 80
1201 Geneva
Switzerland",46.2167065,6.1480928
permanent mission of the republic of rwanda,Mobility,2020,11.0,"Rue de Lausanne 80
1201 Geneva
Switzerland",46.2167065,6.1480928
permanent mission of the republic of rwanda,Food / Hotels,2020,5.0,"Rue de Lausanne 80
1201 Geneva
Switzerland",46.2167065,6.1480928
permanent mission of the republic of rwanda,Waste,2020,0.0,"Rue de Lausanne 80
1201 Geneva
Switzerland",46.2167065,6.1480928
permanent mission of the republic of rwanda,Consumables,2020,6.0,"Rue de Lausanne 80
1201 Geneva
Switzerland",46.2167065,6.1480928
world intellectual property organization,Energy,2022,2141.4,"Route de Ferney 150
1218 Grand Saconnex",46.2299159,6.1286488
world intellectual property organization,Mobility,2022,259.5,"Route de Ferney 150
1218 Grand Saconnex",46.2299159,6.1286488
world intellectual property organization,Consumables,2022,0.0,"Route de Ferney 150
1218 Grand Saconnex",46.2299159,6.1286488
world intellectual property organization,Waste,2022,63.5,"Route de Ferney 150
1218 Grand Saconnex",46.2299159,6.1286488
world intellectual property organization,Food and  Hotels,2022,0.0,"Route de Ferney 150
1218 Grand Saconnex",46.2299159,6.1286488
world intellectual property organization,Energy,2021,1813.0,"Route de Ferney 150
1218 Grand Saconnex",46.2299159,6.1286488
world intellectual property organization,Mobility,2021,578.0,"Route de Ferney 150
1218 Grand Saconnex",46.2299159,6.1286488
world intellectual property organization,Consumables,2021,0.0,"Route de Ferney 150
1218 Grand Saconnex",46.2299159,6.1286488
world intellectual property organization,Waste,2021,77.0,"Route de Ferney 150
1218 Grand Saconnex",46.2299159,6.1286488
world intellectual property organization,Food and  Hotels,2021,0.0,"Route de Ferney 150
1218 Grand Saconnex",46.2299159,6.1286488
world intellectual property organization,Energy,2020,1827.0,"Route de Ferney 150
1218 Grand Saconnex",46.2299159,6.1286488
world intellectual property organization,Mobility,2020,2081.0,"Route de Ferney 150
1218 Grand Saconnex",46.2299159,6.1286488
world intellectual property organization,Food / Hotels,2020,0.0,"Route de Ferney 150
1218 Grand Saconnex",46.2299159,6.1286488
world intellectual property organization,Waste,2020,224.0,"Route de Ferney 150
1218 Grand Saconnex",46.2299159,6.1286488
world intellectual property organization,Consumables,2020,0.0,"Route de Ferney 150
1218 Grand Saconnex",46.2299159,6.1286488
united nations environment programme geneva office,Energy,2022,34.0,"International Environment House
Chemin des Anémones 11-13
1219 Châtelaine
Switzerland",46.21318,6.11124
united nations environment programme geneva office,Mobility,2022,8.0,"International Environment House
Chemin des Anémones 11-13
1219 Châtelaine
Switzerland",46.21318,6.11124
united nations environment programme geneva office,Consumables,2022,0.0,"International Environment House
Chemin des Anémones 11-13
1219 Châtelaine
Switzerland",46.21318,6.11124
united nations environment programme geneva office,Waste,2022,0.0,"International Environment House
Chemin des Anémones 11-13
1219 Châtelaine
Switzerland",46.21318,6.11124
united nations environment programme geneva office,Food and  Hotels,2022,0.0,"International Environment House
Chemin des Anémones 11-13
1219 Châtelaine
Switzerland",46.21318,6.11124
united nations environment programme geneva office,Energy,2021,23.0,"International Environment House
Chemin des Anémones 11-13
1219 Châtelaine
Switzerland",46.21318,6.11124
united nations environment programme geneva office,Mobility,2021,133.0,"International Environment House
Chemin des Anémones 11-13
1219 Châtelaine
Switzerland",46.21318,6.11124
united nations environment programme geneva office,Consumables,2021,0.0,"International Environment House
Chemin des Anémones 11-13
1219 Châtelaine
Switzerland",46.21318,6.11124
united nations environment programme geneva office,Waste,2021,0.0,"International Environment House
Chemin des Anémones 11-13
1219 Châtelaine
Switzerland",46.21318,6.11124
united nations environment programme geneva office,Food and  Hotels,2021,0.0,"International Environment House
Chemin des Anémones 11-13
1219 Châtelaine
Switzerland",46.21318,6.11124
united nations environment programme geneva office,Energy,2020,111.0,"International Environment House
Chemin des Anémones 11-13
1219 Châtelaine
Switzerland",46.21318,6.11124
united nations environment programme geneva office,Mobility(*),2020,729.0,"International Environment House
Chemin des Anémones 11-13
1219 Châtelaine
Switzerland",46.21318,6.11124
united nations environment programme geneva office,Food / Hotels,2020,0.0,"International Environment House
Chemin des Anémones 11-13
1219 Châtelaine
Switzerland",46.21318,6.11124
united nations environment programme geneva office,Waste,2020,0.0,"International Environment House
Chemin des Anémones 11-13
1219 Châtelaine
Switzerland",46.21318,6.11124
united nations environment programme geneva office,Consumables,2020,0.0,"International Environment House
Chemin des Anémones 11-13
1219 Châtelaine
Switzerland",46.21318,6.11124
nrc norwegian refugee council geneva office idmc internal displacement monitoring centre,Energy,2022,38.1,"Avenue Giuseppe Motta 31-33
1202 Geneva
Switzerland
",46.21934176011838,6.134093111889695
nrc norwegian refugee council geneva office idmc internal displacement monitoring centre,Mobility,2022,12.0,"Avenue Giuseppe Motta 31-33
1202 Geneva
Switzerland
",46.21934176011838,6.134093111889695
nrc norwegian refugee council geneva office idmc internal displacement monitoring centre,Consumables,2022,3.2,"Avenue Giuseppe Motta 31-33
1202 Geneva
Switzerland
",46.21934176011838,6.134093111889695
nrc norwegian refugee council geneva office idmc internal displacement monitoring centre,Waste,2022,0.0,"Avenue Giuseppe Motta 31-33
1202 Geneva
Switzerland
",46.21934176011838,6.134093111889695
nrc norwegian refugee council geneva office idmc internal displacement monitoring centre,Food and  Hotels,2022,23.7,"Avenue Giuseppe Motta 31-33
1202 Geneva
Switzerland
",46.21934176011838,6.134093111889695
nrc norwegian refugee council geneva office idmc internal displacement monitoring centre,Energy,2021,31.0,"Avenue Giuseppe Motta 31-33
1202 Geneva
Switzerland
",46.21934176011838,6.134093111889695
nrc norwegian refugee council geneva office idmc internal displacement monitoring centre,Mobility,2021,16.0,"Avenue Giuseppe Motta 31-33
1202 Geneva
Switzerland
",46.21934176011838,6.134093111889695
nrc norwegian refugee council geneva office idmc internal displacement monitoring centre,Consumables,2021,0.0,"Avenue Giuseppe Motta 31-33
1202 Geneva
Switzerland
",46.21934176011838,6.134093111889695
nrc norwegian refugee council geneva office idmc internal displacement monitoring centre,Waste,2021,0.0,"Avenue Giuseppe Motta 31-33
1202 Geneva
Switzerland
",46.21934176011838,6.134093111889695
nrc norwegian refugee council geneva office idmc internal displacement monitoring centre,Food and  Hotels,2021,40.0,"Avenue Giuseppe Motta 31-33
1202 Geneva
Switzerland
",46.21934176011838,6.134093111889695
nrc norwegian refugee council geneva office idmc internal displacement monitoring centre,Energy,2020,27.0,"Avenue Giuseppe Motta 31-33
1202 Geneva
Switzerland
",46.21934176011838,6.134093111889695
nrc norwegian refugee council geneva office idmc internal displacement monitoring centre,Mobility,2020,321.0,"Avenue Giuseppe Motta 31-33
1202 Geneva
Switzerland
",46.21934176011838,6.134093111889695
nrc norwegian refugee council geneva office idmc internal displacement monitoring centre,Food / Hotels,2020,34.0,"Avenue Giuseppe Motta 31-33
1202 Geneva
Switzerland
",46.21934176011838,6.134093111889695
nrc norwegian refugee council geneva office idmc internal displacement monitoring centre,Waste,2020,3.0,"Avenue Giuseppe Motta 31-33
1202 Geneva
Switzerland
",46.21934176011838,6.134093111889695
nrc norwegian refugee council geneva office idmc internal displacement monitoring centre,Consumables,2020,11.0,"Avenue Giuseppe Motta 31-33
1202 Geneva
Switzerland
",46.21934176011838,6.134093111889695
graduate institute geneva,Energy,2022,0.0,"Rue de Varembé 7
1202 Geneva
Switzerland",46.2213651,6.1395961
graduate institute geneva,Mobility,2022,0.0,"Rue de Varembé 7
1202 Geneva
Switzerland",46.2213651,6.1395961
graduate institute geneva,Consumables,2022,0.0,"Rue de Varembé 7
1202 Geneva
Switzerland",46.2213651,6.1395961
graduate institute geneva,Waste,2022,0.0,"Rue de Varembé 7
1202 Geneva
Switzerland",46.2213651,6.1395961
graduate institute geneva,Food and  Hotels,2022,0.0,"Rue de Varembé 7
1202 Geneva
Switzerland",46.2213651,6.1395961
fondation pour geneve,Energy,2022,3.1,0,0.0,0.0
fondation pour geneve,Mobility,2022,0.1,0,0.0,0.0
fondation pour geneve,Consumables,2022,1.3,0,0.0,0.0
fondation pour geneve,Waste,2022,0.1,0,0.0,0.0
fondation pour geneve,Food and  Hotels,2022,1.7,0,0.0,0.0
permanent mission of france,Energy,2022,166.4,"Chemin du Petit-Saconnex 28B
1209 Geneva
Switzerland",46.222618,6.1329042
permanent mission of france,Mobility,2022,5.3,"Chemin du Petit-Saconnex 28B
1209 Geneva
Switzerland",46.222618,6.1329042
permanent mission of france,Consumables,2022,1.7,"Chemin du Petit-Saconnex 28B
1209 Geneva
Switzerland",46.222618,6.1329042
permanent mission of france,Waste,2022,1.2,"Chemin du Petit-Saconnex 28B
1209 Geneva
Switzerland",46.222618,6.1329042
permanent mission of france,Food and  Hotels,2022,0.8,"Chemin du Petit-Saconnex 28B
1209 Geneva
Switzerland",46.222618,6.1329042
permanent mission of france,Energy,2021,170.0,"Chemin du Petit-Saconnex 28B
1209 Geneva
Switzerland",46.222618,6.1329042
permanent mission of france,Mobility,2021,21.0,"Chemin du Petit-Saconnex 28B
1209 Geneva
Switzerland",46.222618,6.1329042
permanent mission of france,Consumables,2021,7.0,"Chemin du Petit-Saconnex 28B
1209 Geneva
Switzerland",46.222618,6.1329042
permanent mission of france,Waste,2021,2.0,"Chemin du Petit-Saconnex 28B
1209 Geneva
Switzerland",46.222618,6.1329042
permanent mission of france,Food and  Hotels,2021,43.0,"Chemin du Petit-Saconnex 28B
1209 Geneva
Switzerland",46.222618,6.1329042
permanent mission of france,Energy,2020,105.0,"Chemin du Petit-Saconnex 28B
1209 Geneva
Switzerland",46.222618,6.1329042
permanent mission of france,Mobility,2020,116.0,"Chemin du Petit-Saconnex 28B
1209 Geneva
Switzerland",46.222618,6.1329042
permanent mission of france,Food / Hotels,2020,29.0,"Chemin du Petit-Saconnex 28B
1209 Geneva
Switzerland",46.222618,6.1329042
permanent mission of france,Waste,2020,1.0,"Chemin du Petit-Saconnex 28B
1209 Geneva
Switzerland",46.222618,6.1329042
permanent mission of france,Consumables,2020,6.0,"Chemin du Petit-Saconnex 28B
1209 Geneva
Switzerland",46.222618,6.1329042
wcc world council of churches,Energy,2022,405.0,"Rue de Lausanne 139
1202 Genève
Switzerland",46.217619,6.1481622
wcc world council of churches,Mobility,2022,51.0,"Rue de Lausanne 139
1202 Genève
Switzerland",46.217619,6.1481622
wcc world council of churches,Consumables,2022,9.0,"Rue de Lausanne 139
1202 Genève
Switzerland",46.217619,6.1481622
wcc world council of churches,Waste,2022,4.0,"Rue de Lausanne 139
1202 Genève
Switzerland",46.217619,6.1481622
wcc world council of churches,Food and  Hotels,2022,107.0,"Rue de Lausanne 139
1202 Genève
Switzerland",46.217619,6.1481622
wcc world council of churches,Energy,2021,461.0,"Rue de Lausanne 139
1202 Genève
Switzerland",46.217619,6.1481622
wcc world council of churches,Mobility,2021,0.0,"Rue de Lausanne 139
1202 Genève
Switzerland",46.217619,6.1481622
wcc world council of churches,Food / Hotels,2021,72.0,"Rue de Lausanne 139
1202 Genève
Switzerland",46.217619,6.1481622
wcc world council of churches,Waste,2021,0.0,"Rue de Lausanne 139
1202 Genève
Switzerland",46.217619,6.1481622
wcc world council of churches,Consumables,2021,13.0,"Rue de Lausanne 139
1202 Genève
Switzerland",46.217619,6.1481622
permanent mission of the united kingdom of great britain and nothern ireland,Energy,2022,43.6,"Rue Varembé, 3
1202 Genève
Switzerland
",46.22092633253714,6.139227211889732
permanent mission of the united kingdom of great britain and nothern ireland,Mobility,2022,16.4,"Rue Varembé, 3
1202 Genève
Switzerland
",46.22092633253714,6.139227211889732
permanent mission of the united kingdom of great britain and nothern ireland,Consumables,2022,3.4,"Rue Varembé, 3
1202 Genève
Switzerland
",46.22092633253714,6.139227211889732
permanent mission of the united kingdom of great britain and nothern ireland,Waste,2022,0.5,"Rue Varembé, 3
1202 Genève
Switzerland
",46.22092633253714,6.139227211889732
permanent mission of the united kingdom of great britain and nothern ireland,Food and  Hotels,2022,6.1,"Rue Varembé, 3
1202 Genève
Switzerland
",46.22092633253714,6.139227211889732
permanent mission of the united kingdom of great britain and nothern ireland,Energy,2021,40.0,"Rue Varembé, 3
1202 Genève
Switzerland
",46.22092633253714,6.139227211889732
permanent mission of the united kingdom of great britain and nothern ireland,Mobility,2021,65.0,"Rue Varembé, 3
1202 Genève
Switzerland
",46.22092633253714,6.139227211889732
permanent mission of the united kingdom of great britain and nothern ireland,Consumables,2021,28.0,"Rue Varembé, 3
1202 Genève
Switzerland
",46.22092633253714,6.139227211889732
permanent mission of the united kingdom of great britain and nothern ireland,Waste,2021,0.0,"Rue Varembé, 3
1202 Genève
Switzerland
",46.22092633253714,6.139227211889732
permanent mission of the united kingdom of great britain and nothern ireland,Food and  Hotels,2021,33.0,"Rue Varembé, 3
1202 Genève
Switzerland
",46.22092633253714,6.139227211889732
permanent mission of the united kingdom of great britain and nothern ireland,Energy,2020,62.0,"Rue Varembé, 3
1202 Genève
Switzerland
",46.22092633253714,6.139227211889732
permanent mission of the united kingdom of great britain and nothern ireland,Mobility,2020,193.0,"Rue Varembé, 3
1202 Genève
Switzerland
",46.22092633253714,6.139227211889732
permanent mission of the united kingdom of great britain and nothern ireland,Food / Hotels,2020,80.0,"Rue Varembé, 3
1202 Genève
Switzerland
",46.22092633253714,6.139227211889732
permanent mission of the united kingdom of great britain and nothern ireland,Waste,2020,2.0,"Rue Varembé, 3
1202 Genève
Switzerland
",46.22092633253714,6.139227211889732
permanent mission of the united kingdom of great britain and nothern ireland,Consumables,2020,27.0,"Rue Varembé, 3
1202 Genève
Switzerland
",46.22092633253714,6.139227211889732
itu international telecommunication union,Energy,2022,637.2,"Place des Nations
1211 Genève
Switzerland",46.2224013,6.1380736
itu international telecommunication union,Mobility,2022,1147.2,"Place des Nations
1211 Genève
Switzerland",46.2224013,6.1380736
itu international telecommunication union,Consumables,2022,86.9,"Place des Nations
1211 Genève
Switzerland",46.2224013,6.1380736
itu international telecommunication union,Waste,2022,31.9,"Place des Nations
1211 Genève
Switzerland",46.2224013,6.1380736
itu international telecommunication union,Food and  Hotels,2022,676.2,"Place des Nations
1211 Genève
Switzerland",46.2224013,6.1380736
itu international telecommunication union,Energy,2021,513.0,"Place des Nations
1211 Genève
Switzerland",46.2224013,6.1380736
itu international telecommunication union,Mobility,2021,1142.0,"Place des Nations
1211 Genève
Switzerland",46.2224013,6.1380736
itu international telecommunication union,Consumables,2021,217.0,"Place des Nations
1211 Genève
Switzerland",46.2224013,6.1380736
itu international telecommunication union,Waste,2021,36.0,"Place des Nations
1211 Genève
Switzerland",46.2224013,6.1380736
itu international telecommunication union,Food and  Hotels,2021,22.0,"Place des Nations
1211 Genève
Switzerland",46.2224013,6.1380736
itu international telecommunication union,Energy,2020,514.0,"Place des Nations
1211 Genève
Switzerland",46.2224013,6.1380736
itu international telecommunication union,Mobility,2020,2810.0,"Place des Nations
1211 Genève
Switzerland",46.2224013,6.1380736
itu international telecommunication union,Food / Hotels,2020,155.0,"Place des Nations
1211 Genève
Switzerland",46.2224013,6.1380736
itu international telecommunication union,Waste,2020,74.0,"Place des Nations
1211 Genève
Switzerland",46.2224013,6.1380736
itu international telecommunication union,Consumables,2020,104.0,"Place des Nations
1211 Genève
Switzerland",46.2224013,6.1380736
ccig chambre de commerce dindustrie et des services de geneve,Energy,2022,35.4,"Boulevard du Théâtre 4
1204 Genève",46.2022496,6.1416388
ccig chambre de commerce dindustrie et des services de geneve,Mobility,2022,7.7,"Boulevard du Théâtre 4
1204 Genève",46.2022496,6.1416388
ccig chambre de commerce dindustrie et des services de geneve,Consumables,2022,7.1,"Boulevard du Théâtre 4
1204 Genève",46.2022496,6.1416388
ccig chambre de commerce dindustrie et des services de geneve,Waste,2022,8.6,"Boulevard du Théâtre 4
1204 Genève",46.2022496,6.1416388
ccig chambre de commerce dindustrie et des services de geneve,Food and  Hotels,2022,30.7,"Boulevard du Théâtre 4
1204 Genève",46.2022496,6.1416388
ccig chambre de commerce dindustrie et des services de geneve,Energy,2021,38.0,"Boulevard du Théâtre 4
1204 Genève",46.2022496,6.1416388
ccig chambre de commerce dindustrie et des services de geneve,Mobility,2021,17.0,"Boulevard du Théâtre 4
1204 Genève",46.2022496,6.1416388
ccig chambre de commerce dindustrie et des services de geneve,Consumables,2021,8.0,"Boulevard du Théâtre 4
1204 Genève",46.2022496,6.1416388
ccig chambre de commerce dindustrie et des services de geneve,Waste,2021,0.0,"Boulevard du Théâtre 4
1204 Genève",46.2022496,6.1416388
ccig chambre de commerce dindustrie et des services de geneve,Food and  Hotels,2021,17.0,"Boulevard du Théâtre 4
1204 Genève",46.2022496,6.1416388
permanent mission of norway 2,Energy,2022,28.5,"Rue de Lausanne 44
1201 Geneva
Switzerland",46.2138171,6.1460309
permanent mission of norway 2,Mobility,2022,4.8,"Rue de Lausanne 44
1201 Geneva
Switzerland",46.2138171,6.1460309
permanent mission of norway 2,Consumables,2022,1.2,"Rue de Lausanne 44
1201 Geneva
Switzerland",46.2138171,6.1460309
permanent mission of norway 2,Waste,2022,0.9,"Rue de Lausanne 44
1201 Geneva
Switzerland",46.2138171,6.1460309
permanent mission of norway 2,Food and  Hotels,2022,1.2,"Rue de Lausanne 44
1201 Geneva
Switzerland",46.2138171,6.1460309
permanent mission of norway 2,Energy,2021,28.0,"Rue de Lausanne 44
1201 Geneva
Switzerland",46.2138171,6.1460309
permanent mission of norway 2,Mobility,2021,2.0,"Rue de Lausanne 44
1201 Geneva
Switzerland",46.2138171,6.1460309
permanent mission of norway 2,Consumables,2021,1.0,"Rue de Lausanne 44
1201 Geneva
Switzerland",46.2138171,6.1460309
permanent mission of norway 2,Waste,2021,1.0,"Rue de Lausanne 44
1201 Geneva
Switzerland",46.2138171,6.1460309
permanent mission of norway 2,Food and  Hotels,2021,0.0,"Rue de Lausanne 44
1201 Geneva
Switzerland",46.2138171,6.1460309
permanent mission of norway 2,Energy,2020,29.0,"Rue de Lausanne 44
1201 Geneva
Switzerland",46.2138171,6.1460309
permanent mission of norway 2,Mobility,2020,17.0,"Rue de Lausanne 44
1201 Geneva
Switzerland",46.2138171,6.1460309
permanent mission of norway 2,Food / Hotels,2020,5.0,"Rue de Lausanne 44
1201 Geneva
Switzerland",46.2138171,6.1460309
permanent mission of norway 2,Waste,2020,1.0,"Rue de Lausanne 44
1201 Geneva
Switzerland",46.2138171,6.1460309
permanent mission of norway 2,Consumables,2020,5.0,"Rue de Lausanne 44
1201 Geneva
Switzerland",46.2138171,6.1460309
permanent mission of the republic of slovenia,Energy,2022,13.0,"Rue du Môle 32
1201 Geneva
Switzerland",46.21326055326364,6.147476023532721
permanent mission of the republic of slovenia,Mobility,2022,3.0,"Rue du Môle 32
1201 Geneva
Switzerland",46.21326055326364,6.147476023532721
permanent mission of the republic of slovenia,Consumables,2022,1.0,"Rue du Môle 32
1201 Geneva
Switzerland",46.21326055326364,6.147476023532721
permanent mission of the republic of slovenia,Waste,2022,0.0,"Rue du Môle 32
1201 Geneva
Switzerland",46.21326055326364,6.147476023532721
permanent mission of the republic of slovenia,Food and  Hotels,2022,10.0,"Rue du Môle 32
1201 Geneva
Switzerland",46.21326055326364,6.147476023532721
permanent mission of the republic of slovenia,Energy,2021,67.0,"Rue du Môle 32
1201 Geneva
Switzerland",46.21326055326364,6.147476023532721
permanent mission of the republic of slovenia,Mobility,2021,7.0,"Rue du Môle 32
1201 Geneva
Switzerland",46.21326055326364,6.147476023532721
permanent mission of the republic of slovenia,Food / Hotels,2021,14.0,"Rue du Môle 32
1201 Geneva
Switzerland",46.21326055326364,6.147476023532721
permanent mission of the republic of slovenia,Waste,2021,0.0,"Rue du Môle 32
1201 Geneva
Switzerland",46.21326055326364,6.147476023532721
permanent mission of the republic of slovenia,Consumables,2021,2.0,"Rue du Môle 32
1201 Geneva
Switzerland",46.21326055326364,6.147476023532721
permanent mission of the principality of andorra,Energy,2022,0.0,"Rue du Môle 32
1201 Geneva
Switzerland",46.21326055326364,6.147476023532721
permanent mission of the principality of andorra,Mobility,2022,0.3,"Rue du Môle 32
1201 Geneva
Switzerland",46.21326055326364,6.147476023532721
permanent mission of the principality of andorra,Consumables,2022,0.0,"Rue du Môle 32
1201 Geneva
Switzerland",46.21326055326364,6.147476023532721
permanent mission of the principality of andorra,Waste,2022,0.0,"Rue du Môle 32
1201 Geneva
Switzerland",46.21326055326364,6.147476023532721
permanent mission of the principality of andorra,Food and  Hotels,2022,0.0,"Rue du Môle 32
1201 Geneva
Switzerland",46.21326055326364,6.147476023532721
permanent mission of denmark,Energy,2022,5.0,"Rue de Moillebeau 56
1209 Geneva
Switzerland",46.2225217,6.130719
permanent mission of denmark,Mobility,2022,19.0,"Rue de Moillebeau 56
1209 Geneva
Switzerland",46.2225217,6.130719
permanent mission of denmark,Food / Hotels,2022,21.0,"Rue de Moillebeau 56
1209 Geneva
Switzerland",46.2225217,6.130719
permanent mission of denmark,Waste,2022,0.0,"Rue de Moillebeau 56
1209 Geneva
Switzerland",46.2225217,6.130719
permanent mission of denmark,Consumables,2022,5.0,"Rue de Moillebeau 56
1209 Geneva
Switzerland",46.2225217,6.130719
undp office in geneva united nations development programme 2,Energy,2022,11.0,"Rue de Varembé 7
1202 Geneva
Switzerland",46.2213651,6.1395961
undp office in geneva united nations development programme 2,Mobility,2022,50.5,"Rue de Varembé 7
1202 Geneva
Switzerland",46.2213651,6.1395961
undp office in geneva united nations development programme 2,Consumables,2022,0.0,"Rue de Varembé 7
1202 Geneva
Switzerland",46.2213651,6.1395961
undp office in geneva united nations development programme 2,Waste,2022,0.1,"Rue de Varembé 7
1202 Geneva
Switzerland",46.2213651,6.1395961
undp office in geneva united nations development programme 2,Food and  Hotels,2022,40.7,"Rue de Varembé 7
1202 Geneva
Switzerland",46.2213651,6.1395961
ishr international service for human rights,Energy,2022,20.5,"Avenue de la Paix 8-14
1211 Geneva
Switzerland",46.22825155,6.142463324170048
ishr international service for human rights,Mobility,2022,6.6,"Avenue de la Paix 8-14
1211 Geneva
Switzerland",46.22825155,6.142463324170048
ishr international service for human rights,Consumables,2022,3.2,"Avenue de la Paix 8-14
1211 Geneva
Switzerland",46.22825155,6.142463324170048
ishr international service for human rights,Waste,2022,2.7,"Avenue de la Paix 8-14
1211 Geneva
Switzerland",46.22825155,6.142463324170048
ishr international service for human rights,Food and  Hotels,2022,33.2,"Avenue de la Paix 8-14
1211 Geneva
Switzerland",46.22825155,6.142463324170048
ishr international service for human rights,Energy,2021,16.0,"Avenue de la Paix 8-14
1211 Geneva
Switzerland",46.22825155,6.142463324170048
ishr international service for human rights,Mobility,2021,18.0,"Avenue de la Paix 8-14
1211 Geneva
Switzerland",46.22825155,6.142463324170048
ishr international service for human rights,Consumables,2021,3.0,"Avenue de la Paix 8-14
1211 Geneva
Switzerland",46.22825155,6.142463324170048
ishr international service for human rights,Waste,2021,1.0,"Avenue de la Paix 8-14
1211 Geneva
Switzerland",46.22825155,6.142463324170048
ishr international service for human rights,Food and  Hotels,2021,18.0,"Avenue de la Paix 8-14
1211 Geneva
Switzerland",46.22825155,6.142463324170048
ishr international service for human rights,Energy,2020,18.0,"Avenue de la Paix 8-14
1211 Geneva
Switzerland",46.22825155,6.142463324170048
ishr international service for human rights,Mobility,2020,138.0,"Avenue de la Paix 8-14
1211 Geneva
Switzerland",46.22825155,6.142463324170048
ishr international service for human rights,Food / Hotels,2020,0.0,"Avenue de la Paix 8-14
1211 Geneva
Switzerland",46.22825155,6.142463324170048
ishr international service for human rights,Waste,2020,0.0,"Avenue de la Paix 8-14
1211 Geneva
Switzerland",46.22825155,6.142463324170048
ishr international service for human rights,Consumables,2020,0.0,"Avenue de la Paix 8-14
1211 Geneva
Switzerland",46.22825155,6.142463324170048
permanent mission of switzerland,Energy,2022,118.9,"Chemin des Fins 2
1218 Grand-Saconnex
Switzerland",46.2261633,6.1239301
permanent mission of switzerland,Mobility,2022,41.2,"Chemin des Fins 2
1218 Grand-Saconnex
Switzerland",46.2261633,6.1239301
permanent mission of switzerland,Consumables,2022,14.4,"Chemin des Fins 2
1218 Grand-Saconnex
Switzerland",46.2261633,6.1239301
permanent mission of switzerland,Waste,2022,4.2,"Chemin des Fins 2
1218 Grand-Saconnex
Switzerland",46.2261633,6.1239301
permanent mission of switzerland,Food and  Hotels,2022,70.4,"Chemin des Fins 2
1218 Grand-Saconnex
Switzerland",46.2261633,6.1239301
permanent mission of switzerland,Energy,2021,129.0,"Chemin des Fins 2
1218 Grand-Saconnex
Switzerland",46.2261633,6.1239301
permanent mission of switzerland,Mobility,2021,28.0,"Chemin des Fins 2
1218 Grand-Saconnex
Switzerland",46.2261633,6.1239301
permanent mission of switzerland,Consumables,2021,6.0,"Chemin des Fins 2
1218 Grand-Saconnex
Switzerland",46.2261633,6.1239301
permanent mission of switzerland,Waste,2021,1.0,"Chemin des Fins 2
1218 Grand-Saconnex
Switzerland",46.2261633,6.1239301
permanent mission of switzerland,Food and  Hotels,2021,54.0,"Chemin des Fins 2
1218 Grand-Saconnex
Switzerland",46.2261633,6.1239301
permanent mission of switzerland,Energy,2020,104.0,"Chemin des Fins 2
1218 Grand-Saconnex
Switzerland",46.2261633,6.1239301
permanent mission of switzerland,Mobility,2020,78.0,"Chemin des Fins 2
1218 Grand-Saconnex
Switzerland",46.2261633,6.1239301
permanent mission of switzerland,Food / Hotels,2020,65.0,"Chemin des Fins 2
1218 Grand-Saconnex
Switzerland",46.2261633,6.1239301
permanent mission of switzerland,Waste,2020,1.0,"Chemin des Fins 2
1218 Grand-Saconnex
Switzerland",46.2261633,6.1239301
permanent mission of switzerland,Consumables,2020,16.0,"Chemin des Fins 2
1218 Grand-Saconnex
Switzerland",46.2261633,6.1239301
wmo world meteorological organization,Energy,2022,534.8,"Route de Ferney 150
1218 Grand Saconnex",46.2299159,6.1286488
wmo world meteorological organization,Mobility,2022,246.5,"Route de Ferney 150
1218 Grand Saconnex",46.2299159,6.1286488
wmo world meteorological organization,Consumables,2022,22.4,"Route de Ferney 150
1218 Grand Saconnex",46.2299159,6.1286488
wmo world meteorological organization,Waste,2022,12.3,"Route de Ferney 150
1218 Grand Saconnex",46.2299159,6.1286488
wmo world meteorological organization,Food and  Hotels,2022,22.5,"Route de Ferney 150
1218 Grand Saconnex",46.2299159,6.1286488
wmo world meteorological organization,Energy,2021,528.0,"Route de Ferney 150
1218 Grand Saconnex",46.2299159,6.1286488
wmo world meteorological organization,Mobility,2021,509.0,"Route de Ferney 150
1218 Grand Saconnex",46.2299159,6.1286488
wmo world meteorological organization,Consumables,2021,20.0,"Route de Ferney 150
1218 Grand Saconnex",46.2299159,6.1286488
wmo world meteorological organization,Waste,2021,9.0,"Route de Ferney 150
1218 Grand Saconnex",46.2299159,6.1286488
wmo world meteorological organization,Food and  Hotels,2021,59.0,"Route de Ferney 150
1218 Grand Saconnex",46.2299159,6.1286488
wmo world meteorological organization,Energy,2020,491.0,"Route de Ferney 150
1218 Grand Saconnex",46.2299159,6.1286488
wmo world meteorological organization,Mobility,2020,4639.0,"Route de Ferney 150
1218 Grand Saconnex",46.2299159,6.1286488
wmo world meteorological organization,Food / Hotels,2020,593.0,"Route de Ferney 150
1218 Grand Saconnex",46.2299159,6.1286488
wmo world meteorological organization,Waste,2020,29.0,"Route de Ferney 150
1218 Grand Saconnex",46.2299159,6.1286488
wmo world meteorological organization,Consumables,2020,30.0,"Route de Ferney 150
1218 Grand Saconnex",46.2299159,6.1286488
permanent mission of portugal,Energy,2022,0.0,"Rue de Lausanne 44
1201 Geneva
Switzerland",46.2138171,6.1460309
permanent mission of portugal,Mobility,2022,0.0,"Rue de Lausanne 44
1201 Geneva
Switzerland",46.2138171,6.1460309
permanent mission of portugal,Consumables,2022,0.0,"Rue de Lausanne 44
1201 Geneva
Switzerland",46.2138171,6.1460309
permanent mission of portugal,Waste,2022,0.0,"Rue de Lausanne 44
1201 Geneva
Switzerland",46.2138171,6.1460309
permanent mission of portugal,Food and  Hotels,2022,0.0,"Rue de Lausanne 44
1201 Geneva
Switzerland",46.2138171,6.1460309
permanent mission of portugal,Energy,2021,48.0,"Rue de Lausanne 44
1201 Geneva
Switzerland",46.2138171,6.1460309
permanent mission of portugal,Mobility,2021,17.0,"Rue de Lausanne 44
1201 Geneva
Switzerland",46.2138171,6.1460309
permanent mission of portugal,Consumables,2021,3.0,"Rue de Lausanne 44
1201 Geneva
Switzerland",46.2138171,6.1460309
permanent mission of portugal,Waste,2021,0.0,"Rue de Lausanne 44
1201 Geneva
Switzerland",46.2138171,6.1460309
permanent mission of portugal,Food and  Hotels,2021,15.0,"Rue de Lausanne 44
1201 Geneva
Switzerland",46.2138171,6.1460309
permanent mission of portugal,Energy,2020,4.0,"Rue de Lausanne 44
1201 Geneva
Switzerland",46.2138171,6.1460309
permanent mission of portugal,Mobility,2020,22.0,"Rue de Lausanne 44
1201 Geneva
Switzerland",46.2138171,6.1460309
permanent mission of portugal,Food / Hotels,2020,1.0,"Rue de Lausanne 44
1201 Geneva
Switzerland",46.2138171,6.1460309
permanent mission of portugal,Waste,2020,0.0,"Rue de Lausanne 44
1201 Geneva
Switzerland",46.2138171,6.1460309
permanent mission of portugal,Consumables,2020,15.0,"Rue de Lausanne 44
1201 Geneva
Switzerland",46.2138171,6.1460309
permanent mission of chile,Energy,2022,35.0,"Chemin du Petit-Saconnex 28B
1209 Geneva
Switzerland",46.222618,6.1329042
permanent mission of chile,Mobility,2022,11.0,"Chemin du Petit-Saconnex 28B
1209 Geneva
Switzerland",46.222618,6.1329042
permanent mission of chile,Consumables,2022,44.0,"Chemin du Petit-Saconnex 28B
1209 Geneva
Switzerland",46.222618,6.1329042
permanent mission of chile,Waste,2022,2.0,"Chemin du Petit-Saconnex 28B
1209 Geneva
Switzerland",46.222618,6.1329042
permanent mission of chile,Food and  Hotels,2022,10.0,"Chemin du Petit-Saconnex 28B
1209 Geneva
Switzerland",46.222618,6.1329042
permanent mission of chile,Energy,2021,0.0,"Chemin du Petit-Saconnex 28B
1209 Geneva
Switzerland",46.222618,6.1329042
permanent mission of chile,Mobility,2021,3.0,"Chemin du Petit-Saconnex 28B
1209 Geneva
Switzerland",46.222618,6.1329042
permanent mission of chile,Food / Hotels,2021,10.0,"Chemin du Petit-Saconnex 28B
1209 Geneva
Switzerland",46.222618,6.1329042
permanent mission of chile,Waste,2021,0.0,"Chemin du Petit-Saconnex 28B
1209 Geneva
Switzerland",46.222618,6.1329042
permanent mission of chile,Consumables,2021,2.0,"Chemin du Petit-Saconnex 28B
1209 Geneva
Switzerland",46.222618,6.1329042
unige university of geneva,Energy,2022,14280.0,"Rue de Lausanne 139
1202 Genève
Switzerland",46.217619,6.1481622
unige university of geneva,Mobility,2022,2721.0,"Rue de Lausanne 139
1202 Genève
Switzerland",46.217619,6.1481622
unige university of geneva,Consumables,2022,23428.0,"Rue de Lausanne 139
1202 Genève
Switzerland",46.217619,6.1481622
unige university of geneva,Waste,2022,1.0,"Rue de Lausanne 139
1202 Genève
Switzerland",46.217619,6.1481622
unige university of geneva,Food and  Hotels,2022,520.0,"Rue de Lausanne 139
1202 Genève
Switzerland",46.217619,6.1481622
unige university of geneva,Energy,2021,15020.0,"Rue de Lausanne 139
1202 Genève
Switzerland",46.217619,6.1481622
unige university of geneva,Mobility,2021,7488.0,"Rue de Lausanne 139
1202 Genève
Switzerland",46.217619,6.1481622
unige university of geneva,Consumables,2021,25995.0,"Rue de Lausanne 139
1202 Genève
Switzerland",46.217619,6.1481622
unige university of geneva,Waste,2021,1.0,"Rue de Lausanne 139
1202 Genève
Switzerland",46.217619,6.1481622
unige university of geneva,Food and  Hotels,2021,1111.0,"Rue de Lausanne 139
1202 Genève
Switzerland",46.217619,6.1481622
dndi drugs for neglected diseases initiative,Energy,2022,44.4,"Chemin Camille-Vidart 15
1202 Geneva
Switzerland",46.2197449,6.1367197
dndi drugs for neglected diseases initiative,Mobility,2022,150.3,"Chemin Camille-Vidart 15
1202 Geneva
Switzerland",46.2197449,6.1367197
dndi drugs for neglected diseases initiative,Consumables,2022,44.1,"Chemin Camille-Vidart 15
1202 Geneva
Switzerland",46.2197449,6.1367197
dndi drugs for neglected diseases initiative,Waste,2022,12.8,"Chemin Camille-Vidart 15
1202 Geneva
Switzerland",46.2197449,6.1367197
dndi drugs for neglected diseases initiative,Food and  Hotels,2022,92.5,"Chemin Camille-Vidart 15
1202 Geneva
Switzerland",46.2197449,6.1367197
who world health organization,Energy,2022,3158.3,"Rue de Lausanne 44
1201 Geneva
Switzerland",46.2138171,6.1460309
who world health organization,Mobility,2022,407.2,"Rue de Lausanne 44
1201 Geneva
Switzerland",46.2138171,6.1460309
who world health organization,Consumables,2022,0.0,"Rue de Lausanne 44
1201 Geneva
Switzerland",46.2138171,6.1460309
who world health organization,Waste,2022,29.8,"Rue de Lausanne 44
1201 Geneva
Switzerland",46.2138171,6.1460309
who world health organization,Food and  Hotels,2022,0.0,"Rue de Lausanne 44
1201 Geneva
Switzerland",46.2138171,6.1460309
who world health organization,Energy,2021,1466.0,"Rue de Lausanne 44
1201 Geneva
Switzerland",46.2138171,6.1460309
who world health organization,Mobility,2021,10890.0,"Rue de Lausanne 44
1201 Geneva
Switzerland",46.2138171,6.1460309
who world health organization,Consumables,2021,0.0,"Rue de Lausanne 44
1201 Geneva
Switzerland",46.2138171,6.1460309
who world health organization,Waste,2021,12.0,"Rue de Lausanne 44
1201 Geneva
Switzerland",46.2138171,6.1460309
who world health organization,Food and  Hotels,2021,0.0,"Rue de Lausanne 44
1201 Geneva
Switzerland",46.2138171,6.1460309
permanent mission of israel,Energy,2022,38.0,"Avenue de la Paix 1-3
1202 Geneva
Switzerland",46.2259162,6.1370571
permanent mission of israel,Mobility,2022,7.0,"Avenue de la Paix 1-3
1202 Geneva
Switzerland",46.2259162,6.1370571
permanent mission of israel,Consumables,2022,3.0,"Avenue de la Paix 1-3
1202 Geneva
Switzerland",46.2259162,6.1370571
permanent mission of israel,Waste,2022,0.0,"Avenue de la Paix 1-3
1202 Geneva
Switzerland",46.2259162,6.1370571
permanent mission of israel,Food and  Hotels,2022,19.0,"Avenue de la Paix 1-3
1202 Geneva
Switzerland",46.2259162,6.1370571
permanent mission of israel,Energy,2021,39.0,"Avenue de la Paix 1-3
1202 Geneva
Switzerland",46.2259162,6.1370571
permanent mission of israel,Mobility,2021,7.0,"Avenue de la Paix 1-3
1202 Geneva
Switzerland",46.2259162,6.1370571
permanent mission of israel,Food / Hotels,2021,21.0,"Avenue de la Paix 1-3
1202 Geneva
Switzerland",46.2259162,6.1370571
permanent mission of israel,Waste,2021,0.0,"Avenue de la Paix 1-3
1202 Geneva
Switzerland",46.2259162,6.1370571
permanent mission of israel,Consumables,2021,1.0,"Avenue de la Paix 1-3
1202 Geneva
Switzerland",46.2259162,6.1370571
permanent mission of tunisia,Energy,2022,8.0,"Rue de Lausanne 44
1201 Geneva
Switzerland",46.2138171,6.1460309
permanent mission of tunisia,Mobility,2022,5.0,"Rue de Lausanne 44
1201 Geneva
Switzerland",46.2138171,6.1460309
permanent mission of tunisia,Consumables,2022,0.0,"Rue de Lausanne 44
1201 Geneva
Switzerland",46.2138171,6.1460309
permanent mission of tunisia,Waste,2022,0.0,"Rue de Lausanne 44
1201 Geneva
Switzerland",46.2138171,6.1460309
permanent mission of tunisia,Food and  Hotels,2022,5.0,"Rue de Lausanne 44
1201 Geneva
Switzerland",46.2138171,6.1460309
permanent mission of tunisia,Energy,2021,8.0,"Rue de Lausanne 44
1201 Geneva
Switzerland",46.2138171,6.1460309
permanent mission of tunisia,Mobility,2021,12.0,"Rue de Lausanne 44
1201 Geneva
Switzerland",46.2138171,6.1460309
permanent mission of tunisia,Food / Hotels,2021,5.0,"Rue de Lausanne 44
1201 Geneva
Switzerland",46.2138171,6.1460309
permanent mission of tunisia,Waste,2021,0.0,"Rue de Lausanne 44
1201 Geneva
Switzerland",46.2138171,6.1460309
permanent mission of tunisia,Consumables,2021,3.0,"Rue de Lausanne 44
1201 Geneva
Switzerland",46.2138171,6.1460309
permanent mission of italy,Energy,2022,53.0,"Chemin de l'Impératrice 10
1292 Pregny
Switzerland",46.230210150000005,6.144075209599858
permanent mission of italy,Mobility,2022,0.0,"Chemin de l'Impératrice 10
1292 Pregny
Switzerland",46.230210150000005,6.144075209599858
permanent mission of italy,Consumables,2022,1.0,"Chemin de l'Impératrice 10
1292 Pregny
Switzerland",46.230210150000005,6.144075209599858
permanent mission of italy,Waste,2022,0.0,"Chemin de l'Impératrice 10
1292 Pregny
Switzerland",46.230210150000005,6.144075209599858
permanent mission of italy,Food and  Hotels,2022,0.0,"Chemin de l'Impératrice 10
1292 Pregny
Switzerland",46.230210150000005,6.144075209599858
permanent mission of the kingdom of morocco,Energy,2022,3.8,"Chemin François-Lehmann 18
1218 Grand-Saconnex
Switzerland",46.2303302,6.1222181
permanent mission of the kingdom of morocco,Mobility,2022,14.5,"Chemin François-Lehmann 18
1218 Grand-Saconnex
Switzerland",46.2303302,6.1222181
permanent mission of the kingdom of morocco,Consumables,2022,1.5,"Chemin François-Lehmann 18
1218 Grand-Saconnex
Switzerland",46.2303302,6.1222181
permanent mission of the kingdom of morocco,Waste,2022,0.3,"Chemin François-Lehmann 18
1218 Grand-Saconnex
Switzerland",46.2303302,6.1222181
permanent mission of the kingdom of morocco,Food and  Hotels,2022,8.0,"Chemin François-Lehmann 18
1218 Grand-Saconnex
Switzerland",46.2303302,6.1222181
permanent mission of the kingdom of morocco,Energy,2021,25.0,"Chemin François-Lehmann 18
1218 Grand-Saconnex
Switzerland",46.2303302,6.1222181
permanent mission of the kingdom of morocco,Mobility,2021,7.0,"Chemin François-Lehmann 18
1218 Grand-Saconnex
Switzerland",46.2303302,6.1222181
permanent mission of the kingdom of morocco,Consumables,2021,3.0,"Chemin François-Lehmann 18
1218 Grand-Saconnex
Switzerland",46.2303302,6.1222181
permanent mission of the kingdom of morocco,Waste,2021,0.0,"Chemin François-Lehmann 18
1218 Grand-Saconnex
Switzerland",46.2303302,6.1222181
permanent mission of the kingdom of morocco,Food and  Hotels,2021,10.0,"Chemin François-Lehmann 18
1218 Grand-Saconnex
Switzerland",46.2303302,6.1222181
permanent mission of the kingdom of morocco,Energy,2020,28.0,"Chemin François-Lehmann 18
1218 Grand-Saconnex
Switzerland",46.2303302,6.1222181
permanent mission of the kingdom of morocco,Mobility,2020,18.0,"Chemin François-Lehmann 18
1218 Grand-Saconnex
Switzerland",46.2303302,6.1222181
permanent mission of the kingdom of morocco,Food / Hotels,2020,5.0,"Chemin François-Lehmann 18
1218 Grand-Saconnex
Switzerland",46.2303302,6.1222181
permanent mission of the kingdom of morocco,Waste,2020,0.0,"Chemin François-Lehmann 18
1218 Grand-Saconnex
Switzerland",46.2303302,6.1222181
permanent mission of the kingdom of morocco,Consumables,2020,8.0,"Chemin François-Lehmann 18
1218 Grand-Saconnex
Switzerland",46.2303302,6.1222181
ioc the international olympic committee,Energy,2022,557.0,"Avenue de France 23
1202 Geneva
Switzerland",46.2200491,6.143868
ioc the international olympic committee,Mobility,2022,0.0,"Avenue de France 23
1202 Geneva
Switzerland",46.2200491,6.143868
ioc the international olympic committee,Consumables,2022,187.0,"Avenue de France 23
1202 Geneva
Switzerland",46.2200491,6.143868
ioc the international olympic committee,Waste,2022,17.0,"Avenue de France 23
1202 Geneva
Switzerland",46.2200491,6.143868
ioc the international olympic committee,Food and  Hotels,2022,883.0,"Avenue de France 23
1202 Geneva
Switzerland",46.2200491,6.143868
ioc the international olympic committee,Energy,2021,486.0,"Avenue de France 23
1202 Geneva
Switzerland",46.2200491,6.143868
ioc the international olympic committee,Mobility,2021,8663.0,"Avenue de France 23
1202 Geneva
Switzerland",46.2200491,6.143868
ioc the international olympic committee,Consumables,2021,676.0,"Avenue de France 23
1202 Geneva
Switzerland",46.2200491,6.143868
ioc the international olympic committee,Waste,2021,10.0,"Avenue de France 23
1202 Geneva
Switzerland",46.2200491,6.143868
ioc the international olympic committee,Food and  Hotels,2021,361.0,"Avenue de France 23
1202 Geneva
Switzerland",46.2200491,6.143868
ioc the international olympic committee,Energy in buildings,2021,767.0,"Avenue de France 23
1202 Geneva
Switzerland",46.2200491,6.143868
ioc the international olympic committee,Mobility,2020,24481.0,"Avenue de France 23
1202 Geneva
Switzerland",46.2200491,6.143868
ioc the international olympic committee,Food and  Hotels,2020,1473.0,"Avenue de France 23
1202 Geneva
Switzerland",46.2200491,6.143868
ioc the international olympic committee,Waste,2020,42.0,"Avenue de France 23
1202 Geneva
Switzerland",46.2200491,6.143868
ioc the international olympic committee,Consumables,2020,273.0,"Avenue de France 23
1202 Geneva
Switzerland",46.2200491,6.143868
permanent mission of barbados,Energy,2022,26.2,"Chemin François-Lehmann 18A
1218 Grand-Saconnex
Switzerland",46.23008,6.12257
permanent mission of barbados,Mobility,2022,3.2,"Chemin François-Lehmann 18A
1218 Grand-Saconnex
Switzerland",46.23008,6.12257
permanent mission of barbados,Consumables,2022,0.1,"Chemin François-Lehmann 18A
1218 Grand-Saconnex
Switzerland",46.23008,6.12257
permanent mission of barbados,Waste,2022,0.0,"Chemin François-Lehmann 18A
1218 Grand-Saconnex
Switzerland",46.23008,6.12257
permanent mission of barbados,Food and  Hotels,2022,0.0,"Chemin François-Lehmann 18A
1218 Grand-Saconnex
Switzerland",46.23008,6.12257
permanent mission of barbados,Energy,2021,21.0,"Chemin François-Lehmann 18A
1218 Grand-Saconnex
Switzerland",46.23008,6.12257
permanent mission of barbados,Mobility,2021,1.0,"Chemin François-Lehmann 18A
1218 Grand-Saconnex
Switzerland",46.23008,6.12257
permanent mission of barbados,Consumables,2021,14.0,"Chemin François-Lehmann 18A
1218 Grand-Saconnex
Switzerland",46.23008,6.12257
permanent mission of barbados,Waste,2021,0.0,"Chemin François-Lehmann 18A
1218 Grand-Saconnex
Switzerland",46.23008,6.12257
permanent mission of barbados,Food and  Hotels,2021,0.0,"Chemin François-Lehmann 18A
1218 Grand-Saconnex
Switzerland",46.23008,6.12257
permanent mission of mexico,Energy,2022,34.6,"Chemin Camille-Vidart 15
1202 Geneva
Switzerland",46.2197449,6.1367197
permanent mission of mexico,Mobility,2022,16.2,"Chemin Camille-Vidart 15
1202 Geneva
Switzerland",46.2197449,6.1367197
permanent mission of mexico,Consumables,2022,0.4,"Chemin Camille-Vidart 15
1202 Geneva
Switzerland",46.2197449,6.1367197
permanent mission of mexico,Waste,2022,3.0,"Chemin Camille-Vidart 15
1202 Geneva
Switzerland",46.2197449,6.1367197
permanent mission of mexico,Food and  Hotels,2022,20.2,"Chemin Camille-Vidart 15
1202 Geneva
Switzerland",46.2197449,6.1367197
permanent mission of mexico,Energy,2021,48.0,"Chemin Camille-Vidart 15
1202 Geneva
Switzerland",46.2197449,6.1367197
permanent mission of mexico,Mobility,2021,10.0,"Chemin Camille-Vidart 15
1202 Geneva
Switzerland",46.2197449,6.1367197
permanent mission of mexico,Consumables,2021,0.0,"Chemin Camille-Vidart 15
1202 Geneva
Switzerland",46.2197449,6.1367197
permanent mission of mexico,Waste,2021,1.0,"Chemin Camille-Vidart 15
1202 Geneva
Switzerland",46.2197449,6.1367197
permanent mission of mexico,Food and  Hotels,2021,20.0,"Chemin Camille-Vidart 15
1202 Geneva
Switzerland",46.2197449,6.1367197
permanent mission of mexico,Energy,2020,21.0,"Chemin Camille-Vidart 15
1202 Geneva
Switzerland",46.2197449,6.1367197
permanent mission of mexico,Mobility,2020,37.0,"Chemin Camille-Vidart 15
1202 Geneva
Switzerland",46.2197449,6.1367197
permanent mission of mexico,Food / Hotels,2020,22.0,"Chemin Camille-Vidart 15
1202 Geneva
Switzerland",46.2197449,6.1367197
permanent mission of mexico,Waste,2020,1.0,"Chemin Camille-Vidart 15
1202 Geneva
Switzerland",46.2197449,6.1367197
permanent mission of mexico,Consumables,2020,7.0,"Chemin Camille-Vidart 15
1202 Geneva
Switzerland",46.2197449,6.1367197
permanent mission of the federal republic of germany,Energy,2022,226.8,"Rue Varembé, 3
1202 Genève
Switzerland
",46.22092633253714,6.139227211889732
permanent mission of the federal republic of germany,Mobility,2022,11.1,"Rue Varembé, 3
1202 Genève
Switzerland
",46.22092633253714,6.139227211889732
permanent mission of the federal republic of germany,Consumables,2022,2.1,"Rue Varembé, 3
1202 Genève
Switzerland
",46.22092633253714,6.139227211889732
permanent mission of the federal republic of germany,Waste,2022,1.3,"Rue Varembé, 3
1202 Genève
Switzerland
",46.22092633253714,6.139227211889732
permanent mission of the federal republic of germany,Food and  Hotels,2022,1.4,"Rue Varembé, 3
1202 Genève
Switzerland
",46.22092633253714,6.139227211889732
permanent mission of the federal republic of germany,Energy,2021,220.0,"Rue Varembé, 3
1202 Genève
Switzerland
",46.22092633253714,6.139227211889732
permanent mission of the federal republic of germany,Mobility,2021,7.0,"Rue Varembé, 3
1202 Genève
Switzerland
",46.22092633253714,6.139227211889732
permanent mission of the federal republic of germany,Consumables,2021,1.0,"Rue Varembé, 3
1202 Genève
Switzerland
",46.22092633253714,6.139227211889732
permanent mission of the federal republic of germany,Waste,2021,1.0,"Rue Varembé, 3
1202 Genève
Switzerland
",46.22092633253714,6.139227211889732
permanent mission of the federal republic of germany,Food and  Hotels,2021,0.0,"Rue Varembé, 3
1202 Genève
Switzerland
",46.22092633253714,6.139227211889732
permanent mission of the federal republic of germany,Energy,2020,224.0,"Rue Varembé, 3
1202 Genève
Switzerland
",46.22092633253714,6.139227211889732
permanent mission of the federal republic of germany,Mobility,2020,38.0,"Rue Varembé, 3
1202 Genève
Switzerland
",46.22092633253714,6.139227211889732
permanent mission of the federal republic of germany,Food / Hotels,2020,45.0,"Rue Varembé, 3
1202 Genève
Switzerland
",46.22092633253714,6.139227211889732
permanent mission of the federal republic of germany,Waste,2020,1.0,"Rue Varembé, 3
1202 Genève
Switzerland
",46.22092633253714,6.139227211889732
permanent mission of the federal republic of germany,Consumables,2020,15.0,"Rue Varembé, 3
1202 Genève
Switzerland
",46.22092633253714,6.139227211889732
kofi annan foundation,Energy,2022,9.4,0,0.0,0.0
kofi annan foundation,Mobility,2022,9.6,0,0.0,0.0
kofi annan foundation,Consumables,2022,0.9,0,0.0,0.0
kofi annan foundation,Waste,2022,0.0,0,0.0,0.0
kofi annan foundation,Food and  Hotels,2022,12.7,0,0.0,0.0
kofi annan foundation,Energy,2021,14.0,0,0.0,0.0
kofi annan foundation,Mobility,2021,6.0,0,0.0,0.0
kofi annan foundation,Consumables,2021,1.0,0,0.0,0.0
kofi annan foundation,Waste,2021,0.0,0,0.0,0.0
kofi annan foundation,Food and  Hotels,2021,12.0,0,0.0,0.0
kofi annan foundation,Energy,2020,8.0,0,0.0,0.0
kofi annan foundation,Mobility,2020,13.0,0,0.0,0.0
kofi annan foundation,Food / Hotels,2020,2.0,0,0.0,0.0
kofi annan foundation,Waste,2020,0.0,0,0.0,0.0
kofi annan foundation,Consumables,2020,2.0,0,0.0,0.0
ilo international labour organization,Energy,2022,3059.4,"Route des Morillons 4
1202 Genève
Switzerland",46.2286278,6.1346858
ilo international labour organization,Mobility,2022,520.4,"Route des Morillons 4
1202 Genève
Switzerland",46.2286278,6.1346858
ilo international labour organization,Consumables,2022,130.3,"Route des Morillons 4
1202 Genève
Switzerland",46.2286278,6.1346858
ilo international labour organization,Waste,2022,31.9,"Route des Morillons 4
1202 Genève
Switzerland",46.2286278,6.1346858
ilo international labour organization,Food and  Hotels,2022,86.2,"Route des Morillons 4
1202 Genève
Switzerland",46.2286278,6.1346858
ilo international labour organization,Energy,2021,2422.0,"Route des Morillons 4
1202 Genève
Switzerland",46.2286278,6.1346858
ilo international labour organization,Mobility,2021,789.0,"Route des Morillons 4
1202 Genève
Switzerland",46.2286278,6.1346858
ilo international labour organization,Consumables,2021,420.0,"Route des Morillons 4
1202 Genève
Switzerland",46.2286278,6.1346858
ilo international labour organization,Waste,2021,19.0,"Route des Morillons 4
1202 Genève
Switzerland",46.2286278,6.1346858
ilo international labour organization,Food and  Hotels,2021,160.0,"Route des Morillons 4
1202 Genève
Switzerland",46.2286278,6.1346858
ilo international labour organization,Energy,2020,2017.0,"Route des Morillons 4
1202 Genève
Switzerland",46.2286278,6.1346858
ilo international labour organization,Mobility,2020,4689.0,"Route des Morillons 4
1202 Genève
Switzerland",46.2286278,6.1346858
ilo international labour organization,Food / Hotels,2020,1082.0,"Route des Morillons 4
1202 Genève
Switzerland",46.2286278,6.1346858
ilo international labour organization,Waste,2020,53.0,"Route des Morillons 4
1202 Genève
Switzerland",46.2286278,6.1346858
ilo international labour organization,Consumables,2020,281.0,"Route des Morillons 4
1202 Genève
Switzerland",46.2286278,6.1346858
permanent mission of norway,Energy,2022,54.8,"Avenue de Budé 35bis
1202 Geneva
Switzerland",46.2255721,6.1311095
permanent mission of norway,Mobility,2022,14.1,"Avenue de Budé 35bis
1202 Geneva
Switzerland",46.2255721,6.1311095
permanent mission of norway,Consumables,2022,4.9,"Avenue de Budé 35bis
1202 Geneva
Switzerland",46.2255721,6.1311095
permanent mission of norway,Waste,2022,0.2,"Avenue de Budé 35bis
1202 Geneva
Switzerland",46.2255721,6.1311095
permanent mission of norway,Food and  Hotels,2022,19.5,"Avenue de Budé 35bis
1202 Geneva
Switzerland",46.2255721,6.1311095
permanent mission of norway,Energy,2021,50.0,"Avenue de Budé 35bis
1202 Geneva
Switzerland",46.2255721,6.1311095
permanent mission of norway,Mobility,2021,3.0,"Avenue de Budé 35bis
1202 Geneva
Switzerland",46.2255721,6.1311095
permanent mission of norway,Consumables,2021,8.0,"Avenue de Budé 35bis
1202 Geneva
Switzerland",46.2255721,6.1311095
permanent mission of norway,Waste,2021,0.0,"Avenue de Budé 35bis
1202 Geneva
Switzerland",46.2255721,6.1311095
permanent mission of norway,Food and  Hotels,2021,8.0,"Avenue de Budé 35bis
1202 Geneva
Switzerland",46.2255721,6.1311095
permanent mission of norway,Energy,2020,10.0,"Avenue de Budé 35bis
1202 Geneva
Switzerland",46.2255721,6.1311095
permanent mission of norway,Mobility,2020,11.0,"Avenue de Budé 35bis
1202 Geneva
Switzerland",46.2255721,6.1311095
permanent mission of norway,Food / Hotels,2020,16.0,"Avenue de Budé 35bis
1202 Geneva
Switzerland",46.2255721,6.1311095
permanent mission of norway,Waste,2020,2.0,"Avenue de Budé 35bis
1202 Geneva
Switzerland",46.2255721,6.1311095
permanent mission of norway,Consumables,2020,41.0,"Avenue de Budé 35bis
1202 Geneva
Switzerland",46.2255721,6.1311095
