col-12 href,image-style-scale-450x450 src - Logos,Institution Name,Type ,btn-external-underline,btn-external-underline href,Address,coordinates
https://www.geneve-int.ch/index.php/advisory-centre-wto-law-acwl-0,https://www.geneve-int.ch/sites/default/files/styles/scale_450x450/public/2021-07/ACWL-logo.png?itok=VFN9BHfb,Advisory Centre on WTO Law - ACWL,"International Organisations, Programmes, Funds, Institutes and other",Career opportunities,http://www.acwl.ch/vacancies/,"Avenue Giuseppe Motta 31-33
1202 Geneva
Switzerland
","46.21934176011838, 6.134093111889695 "
https://www.geneve-int.ch/index.php/permanent-mission-afghanistan-un-0,https://www.geneve-int.ch/sites/default/files/styles/scale_450x450/public/geint/logo/500px-flag_of_afghanistan.svg_.png?itok=jjPcvCMR,Afghanistan  - Permanent mission (UN),Permanent Missions and Delegations,,,"Rue Varembé, 3
1202 Genève
Switzerland
","46.22092633253714, 6.139227211889732"
https://www.geneve-int.ch/index.php/whoswho/afghanistan-permanent-mission-wto,https://www.geneve-int.ch/sites/default/files/styles/scale_450x450/public/geint/logo/500px-flag_of_afghanistan.svg_.png?itok=jjPcvCMR,Afghanistan  - Permanent mission (WTO),Permanent Missions and Delegations,,,"Avenue Blanc 51
1202 Geneva
Switzerland","46.22154866186592, 6.147951252368855"
https://www.geneve-int.ch/index.php/permanent-delegation-african-union-0,https://www.geneve-int.ch/sites/default/files/styles/scale_450x450/public/2021-07/African-Union-Logo.png?itok=G_R0Hzd2,African Union - Permanent Delegation (UN),Permanent Missions and Delegations,Career opportunities,http://aucareers.org/,"Rue des Pâquis 36
1201 Geneva
Switzerland
","46.21339048061524, 6.150579610039761"
https://www.geneve-int.ch/index.php/permanent-mission-albania-un-0,https://www.geneve-int.ch/sites/default/files/styles/scale_450x450/public/geint/logo/500px-flag_of_albania.svg_.png?itok=Bs6-puj3,Albania - Permanent Mission (UN),Permanent Missions and Delegations,,,"Rue du Môle 32
1201 Geneva
Switzerland","46.21326055326364, 6.147476023532721"
https://www.geneve-int.ch/index.php/algeria-permanent-mission-un-0,https://www.geneve-int.ch/sites/default/files/styles/scale_450x450/public/geint/logo/500px-flag_of_algeria.svg__0.png?itok=v1Kt7B8h,Algeria - Permanent Mission (UN),Permanent Missions and Delegations,,,"Route de Lausanne 308
1293 Bellevue
Switzerland","46.25235252287577, 6.1519312542201625"
https://www.geneve-int.ch/index.php/permanent-mission-andorra-un-0,https://www.geneve-int.ch/sites/default/files/styles/scale_450x450/public/geint/logo/500px-flag_of_andorra.svg_.png?itok=hf9XZG1b,Andorra  - Permanent Mission (UN),Permanent Missions and Delegations,,,"Rue de Chantepoulet 1-3
1201 Geneva
Switzerland","46.2078438, 6.1453875"
https://www.geneve-int.ch/index.php/permanent-mission-angola-un-0,https://www.geneve-int.ch/sites/default/files/styles/scale_450x450/public/geint/logo/500px-flag_of_angola.svg_.png?itok=BUVFT9LR,Angola - Permanent Mission (UN),Permanent Missions and Delegations,,,"Rue de Lausanne 80
1201 Geneva
Switzerland","46.2167065, 6.1480928"
https://www.geneve-int.ch/index.php/secretariat-convention-use-stockpiling-production-and-transfer-anti-personnel-mines-and-their-dest-0,https://www.geneve-int.ch/sites/default/files/styles/scale_450x450/public/2021-11/Logo%20anti-personnel%20mine%20ban%20convention.png?itok=kp_kzsWO,Anti-Personnel Mine Ban Convention Implementation Support Unit (AP Mine Ban Convention),"International Organisations, Programmes, Funds, Institutes and other",,,"Chemin Eugène-Rigot 2C
1202 Geneva
Switzerland","46.2232015, 6.1437187"
https://www.geneve-int.ch/index.php/whoswho/antigua-and-barbuda-permanent-mission-un,https://www.geneve-int.ch/sites/default/files/styles/scale_450x450/public/2022-10/Antigua-flag.png?itok=IyjVaBzt,Antigua and Barbuda - Permanent Mission (UN),Permanent Missions and Delegations,,,"Chemin du Petit-Saconnex 28B
1209 Geneva
Switzerland","46.222618, 6.1329042"
https://www.geneve-int.ch/index.php/permanent-delegation-arab-labor-organization-0,https://www.geneve-int.ch/sites/default/files/styles/scale_450x450/public/2019-09/Logo-Arab_Labor_Organization.jpg?itok=7I9-55La,Arab Labor Organization - Permanent Delegation,Permanent Missions and Delegations,,,"Rue de Lausanne 44
1201 Geneva
Switzerland","46.2138171, 6.1460309"
https://www.geneve-int.ch/index.php/permanent-mission-argentina-un-0,https://www.geneve-int.ch/sites/default/files/styles/scale_450x450/public/geint/logo/500px-flag_of_argentina.svg_.png?itok=ljwm_DPa,Argentina - Permanent Mission (UN),Permanent Missions and Delegations,,,"Route de l'Aéroport 10
1215 Geneva
Switzerland","46.2290965, 6.1057736"
https://www.geneve-int.ch/index.php/permanent-mission-armenia-un-0,https://www.geneve-int.ch/sites/default/files/styles/scale_450x450/public/geint/logo/500px-flag_of_armenia.svg_.png?itok=WZIkDh9k,Armenia - Permanent Mission (UN),Permanent Missions and Delegations,,,"Parc du Château-Banquet 16
1202 Geneva
Switzerland","46.2175705, 6.149758215007873"
https://www.geneve-int.ch/index.php/arms-trade-treaty-secretariat-0,https://www.geneve-int.ch/sites/default/files/styles/scale_450x450/public/2021-06/attprint2.png?itok=hoUg_vfE,Arms Trade Treaty secretariat - ATT,"International Organisations, Programmes, Funds, Institutes and other",,,"Avenue de France 23
1202 Genève","46.2200491, 6.143868"
https://www.geneve-int.ch/index.php/permanent-missions-australia-un-conference-disarmament-wto-0,https://www.geneve-int.ch/sites/default/files/styles/scale_450x450/public/geint/logo/500px-flag_of_australia.svg_.png?itok=_fbx3Q55,"Australia  - Permanent Mission (UN, Conference on Disarmament, WTO)",Permanent Missions and Delegations,Career opportunities,https://geneva.mission.gov.au/gene/gene.html,"Chemin des Fins 2
1218 Grand-Saconnex
Switzerland","46.2261633, 6.1239301"
https://www.geneve-int.ch/index.php/permanent-mission-austria-un-0,https://www.geneve-int.ch/sites/default/files/styles/scale_450x450/public/geint/logo/500px-flag_of_austria.svg__0.png?itok=9AkSo0C6,Austria - Permanent Mission (UN),Permanent Missions and Delegations,,,"Avenue Giuseppe Motta 35-36
1202 Geneva
Switzerland","46.2209235, 6.1366033"
https://www.geneve-int.ch/index.php/azerbaijan-permanent-mission-un-0,https://www.geneve-int.ch/sites/default/files/styles/scale_450x450/public/geint/logo/500px-flag_of_azerbaijan.svg_.png?itok=_4ddx2yj,Azerbaijan Permanent Mission (UN),Permanent Missions and Delegations,,,"Route des Fayards 237
1290 Versoix
Switzerland","46.2741785, 6.1672166"
https://www.geneve-int.ch/index.php/bahamas-permanent-mission-un-0,https://www.geneve-int.ch/sites/default/files/styles/scale_450x450/public/sites/cooperationinternationalegeneve.ch/files/logo/bahamas.svg_.png?itok=gP7CViFN,Bahamas - Permanent Mission (UN),Permanent Missions and Delegations,,,"23 Avenue de France
1202 Geneva
Switzerland","46.2200491, 6.143868"
https://www.geneve-int.ch/index.php/permanent-mission-bahrain-un-0,https://www.geneve-int.ch/sites/default/files/styles/scale_450x450/public/geint/logo/500px-flag_of_bahrain.svg__0.png?itok=BdKXvOD4,Bahrain - Permanent Mission (UN),Permanent Missions and Delegations,,,"Avenue Louis-Casaï 84
1216 Cointrin
Switzerland","46.2264308, 6.106298422954416"
https://www.geneve-int.ch/index.php/permanent-mission-bangladesh-un-0,https://www.geneve-int.ch/sites/default/files/styles/scale_450x450/public/geint/logo/500px-flag_of_bangladesh.svg_.png?itok=KewJms1i,Bangladesh - Permanent Mission (UN),Permanent Missions and Delegations,,,"Rue de Lausanne 65
1202 Geneva
Switzerland","46.2155168, 6.1468472"
https://www.geneve-int.ch/index.php/permanent-mission-barbados-un-0,https://www.geneve-int.ch/sites/default/files/styles/scale_450x450/public/geint/logo/500px-flag_of_barbados.svg_.png?itok=9ZPLvfSc,Barbados - Permanent Mission (UN),Permanent Missions and Delegations,,,"Chemin François-Lehmann 18A
1218 Grand-Saconnex
Switzerland","46.23008, 6.122570"
https://www.geneve-int.ch/index.php/permanent-mission-belarus-un-0,https://www.geneve-int.ch/sites/default/files/styles/scale_450x450/public/geint/logo/500px-flag_of_belarus.svg__0.png?itok=clzTLjPL,Belarus - Permanent Mission (UN),Permanent Missions and Delegations,,,"Avenue de Tournay 7
1292 Pregny-Chambésy
Switzerland","46.24359845, 6.1371522075123295"
https://www.geneve-int.ch/index.php/permanent-mission-belgium-un-0,https://www.geneve-int.ch/sites/default/files/styles/scale_450x450/public/geint/logo/500px-flag_of_belgium.svg_.png?itok=4rTUXxOJ,Belgium - Permanent Mission (UN),Permanent Missions and Delegations,Career opportunities,https://unitednationsgeneva.diplomatie.belgium.be/internships,"Rue de Moillebeau 58
1209 Geneva
Switzerland","46.2226927, 6.1309452"
https://www.geneve-int.ch/index.php/permanent-mission-bhutan-un-0,https://www.geneve-int.ch/sites/default/files/styles/scale_450x450/public/geint/logo/500px-flag_of_bhutan.svg_.png?itok=IElmQgzx,Bhutan - Permanent Mission (UN),Permanent Missions and Delegations,,,"Chemin du Champ-d'Anier 17-19
1209 Geneva
Switzerland","46.2243925, 6.1230933"
https://www.geneve-int.ch/index.php/permanent-mission-bolivia-plurinational-state-un-0,https://www.geneve-int.ch/sites/default/files/styles/scale_450x450/public/geint/logo/500px-flag_of_bolivia.svg__0.png?itok=aCejWJJ-,Bolivia (the Plurinational State of) - Permanent Mission (UN),Permanent Missions and Delegations,,,"Rue de Lausanne 139
1202 Genève
Switzerland","46.217619, 6.1481622"
https://www.geneve-int.ch/index.php/bosnia-and-herzegovina-permanent-mission-un-0,https://www.geneve-int.ch/sites/default/files/styles/scale_450x450/public/geint/logo/500px-flag_of_bosnia_and_herzegovina.svg_.png?itok=tKBf_NPu,Bosnia and Herzegovina - Permanent Mission (UN),Permanent Missions and Delegations,,,"Rue Lamartine 22 bis
1203 Geneva
Switzerland","46.21113045, 6.1289167522182435"
https://www.geneve-int.ch/index.php/permanent-mission-botswana-un-0,https://www.geneve-int.ch/sites/default/files/styles/scale_450x450/public/geint/logo/500px-flag_of_botswana.svg_.png?itok=foXf7JYs,Botswana - Permanent Mission (UN),Permanent Missions and Delegations,,,"Allée David-Morse 10
1202 Geneva
Switzerland","46.2263712, 6.1340279"
https://www.geneve-int.ch/index.php/permanent-missions-brazil-un-conference-disarmament-wto-0,https://www.geneve-int.ch/sites/default/files/styles/scale_450x450/public/geint/logo/500px-flag_of_brazil.svg_.png?itok=pKDERp2U,"Brazil - Permanent Mission (UN, Conference on Disarmament)",Permanent Missions and Delegations,,,"Chemin Camille-Vidart 15
1202 Geneva
Switzerland","46.2197449, 6.1367197"
https://www.geneve-int.ch/index.php/brazil-permanent-mission-wto-0,https://www.geneve-int.ch/sites/default/files/styles/scale_450x450/public/sites/cooperationinternationalegeneve.ch/files/logo/500px-flag_of_brazil.svg_.png?itok=Znh8Trbh,Brazil - Permanent Mission (WTO),Permanent Missions and Delegations,,,"Avenue Louis Casaï 71
1216 Cointrin
Switzerland","46.2240829, 6.1078644"
https://www.geneve-int.ch/index.php/whoswho/broadband-commission-sustainable-development-itu-unesco,https://www.geneve-int.ch/sites/default/files/styles/scale_450x450/public/2021-09/Broadband-commission-logo.png?itok=1VMvNyfz,"Broadband Commission for Sustainable Development, ITU, UNESCO","International Organisations, Programmes, Funds, Institutes and other",,,"Place des Nations
1211 Geneva 20
Switzerland","46.22255, 6.139070"
https://www.geneve-int.ch/index.php/permanent-mission-brunei-darussalam-un-0,https://www.geneve-int.ch/sites/default/files/styles/scale_450x450/public/geint/logo/500px-flag_of_brunei.svg_.png?itok=mQ0v8vvH,Brunei Darussalam - Permanent Mission (UN),Permanent Missions and Delegations,,,"Route de Pré-bois 20
1216 Cointrin
Switzerland","46.2245415, 6.1008783"
https://www.geneve-int.ch/index.php/permanent-mission-bulgaria-un-0,https://www.geneve-int.ch/sites/default/files/styles/scale_450x450/public/geint/logo/500px-flag_of_bulgaria.svg_.png?itok=sHdvQmYs,Bulgaria - Permanent Mission (UN),Permanent Missions and Delegations,,,"Chemin des Crêts-de-Pregny 16
1218 Grand-Saconnex
Switzerland","46.234103, 6.1309295"
https://www.geneve-int.ch/index.php/permanent-mission-burkina-faso-un-0,https://www.geneve-int.ch/sites/default/files/styles/scale_450x450/public/sites/cooperationinternationalegeneve.ch/files/logo/burkina_faso.svg_.png?itok=uUbqKO5z,Burkina Faso -  Permanent Mission (UN),Permanent Missions and Delegations,,,"Avenue de France 23
1202 Geneva
Switzerland","46.2200491, 6.143868"
https://www.geneve-int.ch/index.php/permanent-mission-burundi-un-0,https://www.geneve-int.ch/sites/default/files/styles/scale_450x450/public/geint/logo/500px-flag_of_burundi.svg_.png?itok=9tAQGEX9,Burundi -  Permanent Mission (UN),Permanent Missions and Delegations,,,"Rue de Lausanne 44
1201 Geneva
Switzerland","46.2138171, 6.1460309"
https://www.geneve-int.ch/index.php/permanent-mission-cape-verde-un-0,https://www.geneve-int.ch/sites/default/files/styles/scale_450x450/public/geint/logo/500px-flag_of_cape_verde.svg__0_0.png?itok=NA7OkG19,Cabo Verde (Republic of) -  Permanent Mission (UN),Permanent Missions and Delegations,,,"Avenue Blanc 47
1202 Geneva
Switzerland","46.2209797, 6.1477213"
https://www.geneve-int.ch/index.php/cambodia-pm,https://www.geneve-int.ch/sites/default/files/styles/scale_450x450/public/geint/logo/500px-flag_of_cambodia.svg_.png?itok=SMcUZLkt,Cambodia - Permanent Mission (UN),Permanent Missions and Delegations,,,"Chemin Taverney 3
Case postale 213
1218 Grand-Saconnex
Switzerland","46.230810, 6.118880"
https://www.geneve-int.ch/index.php/whoswho/cambodia-permanent-mission-wto,https://www.geneve-int.ch/sites/default/files/styles/scale_450x450/public/geint/logo/500px-flag_of_cambodia.svg_.png?itok=SMcUZLkt,Cambodia -  Permanent Mission (WTO),Permanent Missions and Delegations,,,"Chemin de Taverney 17
1218 Grand-Saconnex
Switzerland","46.229698, 6.119280"
https://www.geneve-int.ch/index.php/permanent-mission-cameroon-un-0,https://www.geneve-int.ch/sites/default/files/styles/scale_450x450/public/geint/logo/500px-flag_of_cameroon.svg__0.png?itok=wbkg0ccm,Cameroon -  Permanent Mission (UN),Permanent Missions and Delegations,,,"Avenue de France 23
1202 Geneva
Switzerland","46.2200491, 6.143868"
https://www.geneve-int.ch/index.php/permanent-mission-canada-un-conference-disarmament-wto-0,https://www.geneve-int.ch/sites/default/files/styles/scale_450x450/public/geint/logo/500px-flag_of_canada.svg_.png?itok=VaSe5i6i,"Canada -  Permanent Mission (UN, Conference on Disarmament, WTO)",Permanent Missions and Delegations,,,"Avenue de l'Ariana 5
1202 Geneva
Switzerland","46.2249917, 6.1368091"
https://www.geneve-int.ch/index.php/permanent-mission-central-african-republic-0,https://www.geneve-int.ch/sites/default/files/styles/scale_450x450/public/geint/logo/500px-flag_of_the_central_african_republic.svg_.png?itok=eENXzdmk,Central African Republic -  Permanent Mission (UN),Permanent Missions and Delegations,,,"Chemin de Taverney 9
1218 Grand-Saconnex
Switzerland","46.230270, 6.120050"
https://www.geneve-int.ch/index.php/centre-humanitarian-dialogue-hd-centre-0,https://www.geneve-int.ch/sites/default/files/styles/scale_450x450/public/2019-09/Logo-HD.jpg?itok=EAP2l8oD,Centre for Humanitarian Dialogue - HD Centre,"International Organisations, Programmes, Funds, Institutes and other",Career opportunities,https://www.hdcentre.org/jobs/,"Rue de Lausanne 114
1202 Geneva
Switzerland","46.2183994, 6.1516727"
https://www.geneve-int.ch/index.php/permanent-mission-chad-un-0,https://www.geneve-int.ch/sites/default/files/styles/scale_450x450/public/geint/logo/500px-flag_of_chad.svg_.png?itok=fJ5rML5J,Chad - Permanent Mission (UN),Permanent Missions and Delegations,,,"Avenue d'Aïre 40
1203 Geneva
Switzerland","46.2074312, 6.122540001149035"
https://www.geneve-int.ch/index.php/permanent-mission-chile-un-conference-disarmament-wto-0,https://www.geneve-int.ch/sites/default/files/styles/scale_450x450/public/geint/logo/500px-flag_of_chile.svg__0.png?itok=V5-m_hZM,"Chile - Permanent Mission (UN, Conference on Disarmament, WTO)",Permanent Missions and Delegations,,,"Rue de Moillebeau 58
1209 Geneva
Switzerland","46.2226927, 6.1309452"
https://www.geneve-int.ch/index.php/permanent-mission-china-un-conference-disarmament-wto-0,https://www.geneve-int.ch/sites/default/files/styles/scale_450x450/public/geint/logo/500px-flag_of_the_peoples_republic_of_china.svg__0.png?itok=iEeiHz8L,"China - Permanent Mission (UN, Conference on Disarmament)",Permanent Missions and Delegations,,,"Chemin de Surville 11
1213 Petit-Lancy
Switzerland","46.192173249999996, 6.1256339849526995"
https://www.geneve-int.ch/index.php/china-permanent-mission-wto-0,https://www.geneve-int.ch/sites/default/files/styles/scale_450x450/public/sites/cooperationinternationalegeneve.ch/files/logo/500px-flag_of_the_peoples_republic_of_china.svg_.png?itok=QlJdSpdR,China - Permanent Mission (WTO),Permanent Missions and Delegations,,,"Route de Lausanne 228
1292 Chambésy
Switzerland","46.23308935, 6.150084950805223"
https://www.geneve-int.ch/index.php/permanent-mission-colombia-un-wto-0,https://www.geneve-int.ch/sites/default/files/styles/scale_450x450/public/geint/logo/500px-flag_of_colombia.svg__0.png?itok=c6Hs3Uvd,Colombia - Permanent Mission (UN),Permanent Missions and Delegations,,,"Chemin du Champ-d'Anier 17-19
1209 Geneva
Switzerland","46.2243925, 6.1230933"
https://www.geneve-int.ch/index.php/colombia-permanent-mission-wto-0,https://www.geneve-int.ch/sites/default/files/styles/scale_450x450/public/sites/cooperationinternationalegeneve.ch/files/logo/500px-flag_of_colombia.svg_.png?itok=CTqZ8Hd-,Colombia - Permanent Mission (WTO),Permanent Missions and Delegations,,,"Rue de Lausanne 80-82
1202 Geneva
Switzerland","46.217619, 6.1481622"
https://www.geneve-int.ch/index.php/permanent-mission-comoros-un-0,https://www.geneve-int.ch/sites/default/files/styles/scale_450x450/public/geint/logo/500px-flag_of_the_comoros.svg__0.png?itok=CW4QCMsh,Comoros - Permanent Mission  (UN),Permanent Missions and Delegations,,,"Avenue de France 23
1202 Genève
Switzerland","46.2200491, 6.143868"
https://www.geneve-int.ch/index.php/permanent-mission-congo-un-0,https://www.geneve-int.ch/sites/default/files/styles/scale_450x450/public/geint/logo/500px-flag_of_the_republic_of_the_congo.svg__0.png?itok=Rbzg7ixg,Congo - Permanent Mission (UN),Permanent Missions and Delegations,,,"Rue Chabrey 8
1202 Geneva
Switzerland","46.215948499999996, 6.129546394416728"
https://www.geneve-int.ch/index.php/whoswho/cooperation-council-arab-states-gulf,https://www.geneve-int.ch/sites/default/files/styles/scale_450x450/public/2020-10/logo-arab-council.png?itok=1dS5UOl2,Cooperation Council for the Arab States of the Gulf,Permanent Missions and Delegations,,,"Avenue de Tournay 7
1292 Chambésy - Geneva","46.24359845, 6.1371522075123295"
https://www.geneve-int.ch/index.php/costa-rica-permanent-mission-un-0,https://www.geneve-int.ch/sites/default/files/styles/scale_450x450/public/geint/logo/500px-flag_of_costa_rica.svg__2.png?itok=10Bw6lOp,Costa Rica - Permanent Mission (UN),Permanent Missions and Delegations,,,"Avenue de France 23
1202 Geneva
Switzerland","46.2200491, 6.143868"
https://www.geneve-int.ch/index.php/permanent-mission-costa-rica-wto-0,https://www.geneve-int.ch/sites/default/files/styles/scale_450x450/public/geint/logo/500px-flag_of_costa_rica.svg__1.png?itok=KKOyef85,Costa Rica - Permanent Mission (WTO),Permanent Missions and Delegations,,,"Rue de Varembé 7
1202 Geneva
Switzerland","46.2213651, 6.1395961"
https://www.geneve-int.ch/index.php/council-europe-permanent-delegation-un-0,https://www.geneve-int.ch/sites/default/files/styles/scale_450x450/public/geint/logo/500px-council_of_europe_logo.svg_.png?itok=587E6yEj,Council of Europe - Permanent Delegation (UN),Permanent Missions and Delegations,,,"Avenue de France 23
1202 Geneva
Switzerland","46.2200491, 6.143868"
https://www.geneve-int.ch/index.php/whoswho/court-osce-court-conciliation-and-arbitration-within-osce,https://www.geneve-int.ch/sites/default/files/styles/scale_450x450/public/2023-01/Logo-OSCE-CCA.png?itok=g9aIvKOS,Court OSCE - Court of Conciliation and Arbitration within the OSCE,"International Organisations, Programmes, Funds, Institutes and other",,,"Avenue de France 23
1202 Geneva
Switzerland","46.2200491, 6.143868"
https://www.geneve-int.ch/index.php/permanent-mission-croatia-un-0,https://www.geneve-int.ch/sites/default/files/styles/scale_450x450/public/geint/logo/500px-flag_of_croatia.svg__0.png?itok=MiYRTMab,Croatia - Permanent Mission (UN),Permanent Missions and Delegations,,,"Route de Ferney 11
1202 Genève
Switzerland","46.2238846, 6.1342599"
https://www.geneve-int.ch/index.php/permanent-mission-cuba-un-0,https://www.geneve-int.ch/sites/default/files/styles/scale_450x450/public/geint/logo/500px-flag_of_cuba.svg_.png?itok=FI4XpSV7,Cuba - Permanent Mission (UN),Permanent Missions and Delegations,,,"Chemin de Valérie 100
1292 Chambésy
Switzerland","46.2501534, 6.13996795"
https://www.geneve-int.ch/index.php/permanent-mission-cyprus-un-0,https://www.geneve-int.ch/sites/default/files/styles/scale_450x450/public/geint/logo/500px-flag_of_cyprus.svg__0.png?itok=decCsaBu,Cyprus - Permanent Mission (UN),Permanent Missions and Delegations,,,"Rue du Grand-Pré 66
1202 Geneva
Switzerland","46.2160175, 6.1323594"
https://www.geneve-int.ch/index.php/permanent-mission-czech-republic-un-0,https://www.geneve-int.ch/sites/default/files/styles/scale_450x450/public/geint/logo/500px-flag_of_the_czech_republic.svg_.png?itok=AhsOFCvp,Czech Republic  - Permanent Mission (UN),Permanent Missions and Delegations,,,"Chemin Louis-Dunant 17
1202 Geneva
Switzerland","46.219930, 6.136440"
https://www.geneve-int.ch/index.php/permanent-mission-democratic-peoples-republic-korea-un-0,https://www.geneve-int.ch/sites/default/files/styles/scale_450x450/public/geint/logo/500px-flag_of_north_korea.svg_.png?itok=tERwlDng,Democratic People's Republic of Korea  - Permanent Mission (UN),Permanent Missions and Delegations,,,"Chemin de Plonjon 1
1207 Geneva
Switzerland","46.210034050000004, 6.170458295347946"
https://www.geneve-int.ch/index.php/permanent-mission-democratic-republic-congo-un-0,https://www.geneve-int.ch/sites/default/files/styles/scale_450x450/public/geint/logo/500px-flag_of_the_democratic_republic_of_the_congo.svg__0.png?itok=RcMsf8Ag,Democratic Republic of the Congo  - Permanent Mission  (UN),Permanent Missions and Delegations,,,"23 Avenue de France
1202 Genève
Switzerland","46.2200491, 6.143868"
https://www.geneve-int.ch/index.php/permanent-mission-denmark-un-0,https://www.geneve-int.ch/sites/default/files/styles/scale_450x450/public/geint/logo/500px-flag_of_denmark.svg__0.png?itok=iKsudI8U,Denmark - Permanent Mission (UN),Permanent Missions and Delegations,,,"Rue de Moillebeau 56
1209 Geneva
Switzerland","46.2225217, 6.130719"
https://www.geneve-int.ch/index.php/permanent-mission-djibouti-un-0,https://www.geneve-int.ch/sites/default/files/styles/scale_450x450/public/geint/logo/500px-flag_of_djibouti.svg__0.png?itok=V6nNTzhH,Djibouti - Permanent Mission  (UN),Permanent Missions and Delegations,,,"Chemin Louis-Dunant 19
1202 Geneva
Switzerland","46.219480, 6.136240"
https://www.geneve-int.ch/index.php/permanent-mission-dominican-republic-un,https://www.geneve-int.ch/sites/default/files/styles/scale_450x450/public/sites/cooperationinternationalegeneve.ch/files/logo/dominican_republic.png?itok=6J9crqyb,Dominican Republic  - Permanent Mission (UN),Permanent Missions and Delegations,,,"Rue de Lausanne 63
1202 Geneva
Switzerland","46.2153273, 6.1467053"
https://www.geneve-int.ch/index.php/whoswho/dominican-republic-permanent-mission-wto,https://www.geneve-int.ch/sites/default/files/styles/scale_450x450/public/sites/cooperationinternationalegeneve.ch/files/logo/dominican_republic.png?itok=6J9crqyb,Dominican Republic  - Permanent Mission (WTO),Permanent Missions and Delegations,,,"Avenue Giuseppe Motta 31-33 (1er étage)
1202 Geneva
Switzerland","46.219180, 6.134050"
https://www.geneve-int.ch/index.php/whoswho/drugs-neglected-diseases-initiative-dndi,https://www.geneve-int.ch/sites/default/files/styles/scale_450x450/public/2023-02/Logo-DNDi.png?itok=euSsWQNP,Drugs for Neglected Diseases Initiative - DNDi,"International Organisations, Programmes, Funds, Institutes and other",Career opportunities,https://dndi.org/work-with-us/job-opportunities/,"Chemin Camille-Vidart 15
1202 Geneva
Switzerland","46.2197449, 6.1367197"
https://www.geneve-int.ch/index.php/permanent-mission-ecuador-un-0,https://www.geneve-int.ch/sites/default/files/styles/scale_450x450/public/geint/logo/500px-flag_of_ecuador.svg__0.png?itok=0kj7Ykmw,"Ecuador - Permanent Mission (UN, WTO)",Permanent Missions and Delegations,,,"Chemin Camille-Vidart 15
1202 Geneva
Switzerland","46.2197449, 6.1367197"
https://www.geneve-int.ch/index.php/whoswho/education-cannot-wait-ecw-geneva-office,https://www.geneve-int.ch/sites/default/files/styles/scale_450x450/public/2021-07/Education-logo.png?itok=UDMLq9EJ,Education Cannot Wait - ECW Geneva Office,"International Organisations, Programmes, Funds, Institutes and other",,,"Rue de Varembé 7
1202 Geneva
Switzerland","46.2213651, 6.1395961"
https://www.geneve-int.ch/index.php/permanent-mission-egypt-un-0,https://www.geneve-int.ch/sites/default/files/styles/scale_450x450/public/geint/logo/500px-flag_of_egypt.svg__0.png?itok=8ZKj8gUx,Egypt - Permanent Mission (UN),Permanent Missions and Delegations,,,"Route de Lausanne 261
1292 Chambésy
Switzerland","46.23944265, 6.147692412294379"
https://www.geneve-int.ch/index.php/permanent-mission-el-salvador-un-wto-0,https://www.geneve-int.ch/sites/default/files/styles/scale_450x450/public/geint/logo/500px-flag_of_el_salvador.svg__0.png?itok=Or8SbTry,"El Salvador - Permanent Mission (UN, WTO)",Permanent Missions and Delegations,,,"Rue de Lausanne 65
1202 Geneva
Switzerland","46.2155168, 6.1468472"
https://www.geneve-int.ch/index.php/enhanced-integrated-framework-eif-0,https://www.geneve-int.ch/sites/default/files/styles/scale_450x450/public/2021-07/Eif-logo.jpg?itok=xNDchgi2,Enhanced Integrated Framework - EIF,"International Organisations, Programmes, Funds, Institutes and other",,,"EIF Executive Secretariat at the WTO
Rue de Lausanne 154
1211 Geneva 2
Switzerland","46.223100, 6.149760"
https://www.geneve-int.ch/index.php/environment-management-group-emg-0,https://www.geneve-int.ch/sites/default/files/styles/scale_450x450/public/2022-07/Logo-EMG-UN_0.png?itok=09T4XbXw,Environment Management Group - EMG,"International Organisations, Programmes, Funds, Institutes and other",,,"International Environment House
Chemin des Anémones 11-13
1219 Châtelaine
Switzerland","46.213180, 6.111240"
https://www.geneve-int.ch/index.php/permanent-mission-equatorial-guinea-un-0,https://www.geneve-int.ch/sites/default/files/styles/scale_450x450/public/geint/logo/500px-flag_of_equatorial_guinea.svg_.png?itok=xJt15I-H,Equatorial Guinea - Permanent Mission (UN),Permanent Missions and Delegations,,,"Chemin de la Voie-Creuse 3c
1202 Genève
Switzerland","46.218490, 6.142600"
https://www.geneve-int.ch/index.php/permanent-mission-eritrea-un-0,https://www.geneve-int.ch/sites/default/files/styles/scale_450x450/public/geint/logo/500px-flag_of_eritrea.svg__0.png?itok=cvihdbhQ,Eritrea - Permanent Mission (UN),Permanent Missions and Delegations,,,"Rue de Vermont 9
1202 Geneva
Switzerland","46.215629, 6.1337543"
https://www.geneve-int.ch/index.php/permanent-mission-estonia-un-0,https://www.geneve-int.ch/sites/default/files/styles/scale_450x450/public/geint/logo/500px-flag_of_estonia.svg__0.png?itok=X-HOjWpg,Estonia - Permanent Mission (UN),Permanent Missions and Delegations,,,"Chemin du Petit-Saconnex 28a
1209 Geneva
Switzerland","46.2227821, 6.1326464"
https://www.geneve-int.ch/index.php/permanent-mission-swaziland-un-0,https://www.geneve-int.ch/sites/default/files/styles/scale_450x450/public/geint/logo/500px-flag_of_swaziland.svg_.png?itok=o3tI_hIx,Eswatini  - Permanent Mission (UN),Permanent Missions and Delegations,,,"Chemin William-Barbey 51
1292 Chambésy
Switzerland","46.242753449999995, 6.14782273083583"
https://www.geneve-int.ch/index.php/permanent-mission-ethiopia-un-0,https://www.geneve-int.ch/sites/default/files/styles/scale_450x450/public/geint/logo/500px-flag_of_ethiopia.svg_.png?itok=Qg5Is6hN,Ethiopia - Permanent Mission (UN),Permanent Missions and Delegations,,,"Rue de Moillebeau 56
1209 Geneva
Switzerland","46.2225217, 6.130719"
https://www.geneve-int.ch/index.php/european-free-trade-association-efta-0,https://www.geneve-int.ch/sites/default/files/styles/scale_450x450/public/2021-07/EFTA-logo.png?itok=_s_w_9Eo,European Free Trade Association - EFTA,"International Organisations, Programmes, Funds, Institutes and other",Career opportunities,https://www.efta.int/Job-opportunities,"Rue de Varembé 9-11
1211 Geneva
Switzerland","46.2201517, 6.1383204"
https://www.geneve-int.ch/index.php/whoswho/european-organization-nuclear-research-cern,https://www.geneve-int.ch/sites/default/files/styles/scale_450x450/public/2020-11/CERN_logo.png?itok=UHplKfk8,European Organization for Nuclear Research - CERN,"International Organisations, Programmes, Funds, Institutes and other",Career opportunities,https://careers.cern/,"Esplanade des Particules 1
1211 Geneva
Switzerland","46.2330338, 6.0556926"
https://www.geneve-int.ch/index.php/whoswho/european-public-law-organization-eplo-permanent-delegation-un,https://www.geneve-int.ch/sites/default/files/styles/scale_450x450/public/2020-10/logo-eplo.png?itok=VHZ6-be8,European Public Law Organization (EPLO)  - Permanent Delegation (UN),Permanent Missions and Delegations,,,"Route de Ferney 150
1218 Grand Saconnex","46.2299159, 6.1286488"
https://www.geneve-int.ch/index.php/permanent-delegation-european-union-0,https://www.geneve-int.ch/sites/default/files/styles/scale_450x450/public/geint/logo/500px-flag_of_europe.svg__0.png?itok=yx2l5a6o,,Permanent Missions and Delegations,Career opportunities,https://eeas.europa.eu/delegations/un-geneva/area/jobs-funds_en,"Rue du Grand-Pré 64
1202 Geneva
Switzerland","46.2156717, 6.1322563"
https://www.geneve-int.ch/index.php/european-union-permanent-mission-wto-0,https://www.geneve-int.ch/sites/default/files/styles/scale_450x450/public/sites/cooperationinternationalegeneve.ch/files/logo/500px-flag_of_europe.svg_.png?itok=JBWBlC5j,European Union - Permanent Delegation,Permanent Missions and Delegations,,,"Rue du Grand-Pré 66
1202 Geneva
Switzerland","46.2160175, 6.1323594"
https://www.geneve-int.ch/index.php/fiji-permanent-mission-un-0,https://www.geneve-int.ch/sites/default/files/styles/scale_450x450/public/sites/cooperationinternationalegeneve.ch/files/logo/flag_of_fiji.svg_.png?itok=OGotDFdv,Fiji - Permanent mission (UN),Permanent Missions and Delegations,,,"Avenue de France 23
1202 Geneva
Switzerland","46.2200491, 6.143868"
https://www.geneve-int.ch/index.php/whoswho/find,https://www.geneve-int.ch/sites/default/files/styles/scale_450x450/public/2022-07/Logo-Find.png?itok=_R5dR_XU,FIND,"International Organisations, Programmes, Funds, Institutes and other",Career opportunities,https://www.finddx.org/working-at-find/,"Chemin des Mines 9
1202 Geneva
Switzerland","46.2223878, 6.1478206"
https://www.geneve-int.ch/index.php/permanent-mission-finland-un-0,https://www.geneve-int.ch/sites/default/files/styles/scale_450x450/public/geint/logo/500px-flag_of_finland.svg_.png?itok=CIq_T1Nh,Finland - Permanent Mission (UN),Permanent Missions and Delegations,,,"Avenue de France 23
1202 Geneva
Switzerland","46.2200491, 6.143868"
https://www.geneve-int.ch/index.php/food-and-agriculture-organization-united-nations-fao-0,https://www.geneve-int.ch/sites/default/files/styles/scale_450x450/public/geint/logo/fao-logo.png?itok=scxsvp3u,Food and Agriculture Organization of the United Nations - FAO Liaison Office with the United Nations in Geneva,"International Organisations, Programmes, Funds, Institutes and other",Career opportunities,https://www.fao.org/employment/en/,"Palais des Nations
Avenue de la Paix 8-14
1211 Genève
Switzerland","46.225705500000004, 6.140806439130429"
https://www.geneve-int.ch/index.php/permanent-mission-france-un-conference-disarmament-0,https://www.geneve-int.ch/sites/default/files/styles/scale_450x450/public/geint/logo/500px-flag_of_france.svg_.png?itok=DH8vfr42,"France - Permanent Mission (UN, Conference on Disarmament)",Permanent Missions and Delegations,Career opportunities,https://onu-geneve.delegfrance.org/-Emploi-,"Route de Pregny 36
1292 Chambésy
Switzerland","46.2363385, 6.1437151"
https://www.geneve-int.ch/index.php/permanent-mission-gabon-un-0,https://www.geneve-int.ch/sites/default/files/styles/scale_450x450/public/geint/logo/500px-flag_of_gabon.svg_.png?itok=K6PvHdAl,Gabon - Permanent Mission (UN),Permanent Missions and Delegations,,,"Avenue de France 23
1202 Geneva
Switzerland","46.2200491, 6.143868"
https://www.geneve-int.ch/index.php/gambia-permanent-mission-un-0,https://www.geneve-int.ch/sites/default/files/styles/scale_450x450/public/sites/cooperationinternationalegeneve.ch/files/logo/flag_of_the_gambia.png?itok=IZXqCwCC,Gambia (The) - Permanent Mission (UN),Permanent Missions and Delegations,,,"Rue de Lausanne 45A
1201 Genève
Switzerland","46.2137842, 6.1456359"
https://www.geneve-int.ch/index.php/whoswho/gavi-vaccine-alliance-gavi,https://www.geneve-int.ch/sites/default/files/styles/scale_450x450/public/2021-06/GAVI-logo.png?itok=1ZFkfsYZ,"Gavi, the Vaccine Alliance - Gavi","International Organisations, Programmes, Funds, Institutes and other",Career opportunities,https://www.gavi.org/our-alliance/work-with-us,"Chemin du Pommier 40
1218 Le Grand-Saconnex
Switzerland","46.23005575, 6.126349244709533"
https://www.geneve-int.ch/index.php/whoswho/geneva-international-centre-humanitarian-demining-gichd,https://www.geneve-int.ch/sites/default/files/styles/scale_450x450/public/2023-02/GICHD_1.png?itok=kimylMMw,Geneva International Centre for Humanitarian Demining - GICHD,"International Organisations, Programmes, Funds, Institutes and other",Career opportunities,https://www.gichd.org/en/jobs/,"Chemin Eugène-Rigot 2C
1202 Geneva
Switzerland","46.2232015, 6.1437187"
https://www.geneve-int.ch/index.php/permanent-mission-georgia-un-0,https://www.geneve-int.ch/sites/default/files/styles/scale_450x450/public/geint/logo/500px-flag_of_georgia.svg_.png?itok=4_Os3YDQ,Georgia - Permanent Mission (UN),Permanent Missions and Delegations,,,"Rue Richard Wagner 1
1202 Geneva
Switzerland","46.2173602, 6.1423195"
https://www.geneve-int.ch/index.php/germany-permanent-mission-un-conference-disarmament-0,https://www.geneve-int.ch/sites/default/files/styles/scale_450x450/public/geint/logo/500px-flag_of_germany.svg__0.png?itok=HVPvHRWJ,"Germany  - Permanent Mission (UN, Conference on Disarmament)",Permanent Missions and Delegations,,,"Chemin du Petit-Saconnex 28c
1209 Geneva
Switzerland","46.2228902, 6.1330114"
https://www.geneve-int.ch/index.php/permanent-mission-ghana,https://www.geneve-int.ch/sites/default/files/styles/scale_450x450/public/geint/logo/500px-flag_of_ghana.svg_.png?itok=v-HNvNgl,Ghana - Permanent Mission (UN),Permanent Missions and Delegations,,,"Allée David-Morse 12
1202 Geneva
Switzerland","46.2263712, 6.1340279"
https://www.geneve-int.ch/index.php/node/2644,https://www.geneve-int.ch/sites/default/files/styles/scale_450x450/public/2022-07/Logo-GAIN.png?itok=vQ4fhhnC,Global Alliance for Improved Nutrition - GAIN,"International Organisations, Programmes, Funds, Institutes and other",Career opportunities,https://jobs.gainhealth.org/vacancies/,"Rue Varembé 7
1202 Geneva
Switzerland","46.2213651, 6.1395961"
https://www.geneve-int.ch/index.php/whoswho/global-antibiotic-research-and-development-partnership-gardp,https://www.geneve-int.ch/sites/default/files/styles/scale_450x450/public/2021-06/GARDP-logo2.png?itok=YjuEA6bb,Global Antibiotic Research and Development Partnership - GARDP,"International Organisations, Programmes, Funds, Institutes and other",Career opportunities,https://www.gardp.org/take-action/work-for-gardp/,"15 Chemin Camille-Vidart
1202 Geneva
Switzerland","46.2197449, 6.1367197"
https://www.geneve-int.ch/index.php/global-community-engagement-and-resilience-fund-gcerf-1,https://www.geneve-int.ch/sites/default/files/styles/scale_450x450/public/2022-07/Logo-GCERF.png?itok=uLBFH5gA,Global Community Engagement and Resilience Fund - GCERF,"International Organisations, Programmes, Funds, Institutes and other",Career opportunities,https://www.gcerf.org/careers-and-opportunities/,,
https://www.geneve-int.ch/index.php/global-forum-migration-development-gfmd-0,https://www.geneve-int.ch/sites/default/files/styles/scale_450x450/public/2021-07/GFMD-logo.png?itok=4EuqmKSu,Global Forum on Migration and Development - GFMD,"International Organisations, Programmes, Funds, Institutes and other",,,"Route des Morillons 15
1218 Le-Grand Saconnex
Switzerland","46.2311836, 6.1286102"
https://www.geneve-int.ch/index.php/node/31562,https://www.geneve-int.ch/sites/default/files/styles/scale_450x450/public/2021-07/GRSP-logo.jpg?itok=e0MKFvWm,Global Road Safety Partnership - GRSP,"International Organisations, Programmes, Funds, Institutes and other",Career opportunities,https://www.grsproadsafety.org/about/work-with-us/,,
https://www.geneve-int.ch/index.php/permanent-mission-greece-un-0,https://www.geneve-int.ch/sites/default/files/styles/scale_450x450/public/geint/logo/500px-flag_of_greece.svg_.png?itok=bOfegOan,Greece  - Permanent Mission  (UN),Permanent Missions and Delegations,Career opportunities,http://www.mfa.gr/missionsabroad/en/permanent-mission-geneva/about-us/job-opportunities-2.html,"Rue du Léman 4
1201 Geneva
Switzerland","46.2117351, 6.1519471"
https://www.geneve-int.ch/index.php/permanent-mission-grenada-un-0,https://www.geneve-int.ch/sites/default/files/styles/scale_450x450/public/geint/logo/500px-flag_of_grenada.svg_.png?itok=anTvUwJV,Grenada  - Permanent Mission (UN),Permanent Missions and Delegations,,,"Route de Vandoeuvres 56
1253 Vandoeuvres
Switzerland","46.213759100000004, 6.1900387443941245"
https://www.geneve-int.ch/index.php/group-earth-observations-geo-0,https://www.geneve-int.ch/sites/default/files/styles/scale_450x450/public/2021-07/GEO-logo3.png?itok=kozG2l78,Group on Earth Observations - GEO,"International Organisations, Programmes, Funds, Institutes and other",Career opportunities,https://earthobservations.org/opportunities.php,"7bis Avenue de la Paix
1202 Geneva
Switzerland","46.2232525, 6.146247685692625"
https://www.geneve-int.ch/index.php/permanent-mission-guatemala-un-0,https://www.geneve-int.ch/sites/default/files/styles/scale_450x450/public/geint/logo/500px-flag_of_guatemala.svg_.png?itok=R1LJNJ8k,Guatemala  - Permanent Mission  (UN),Permanent Missions and Delegations,,,"Avenue de France 23
1202 Geneva
Switzerland","46.2200491, 6.143868"
https://www.geneve-int.ch/index.php/permanent-mission-guatemala-wto-0,https://www.geneve-int.ch/sites/default/files/styles/scale_450x450/public/geint/logo/500px-flag_of_guatemala.svg__1.png?itok=i8w0G9_8,Guatemala  - Permanent Mission (WTO),Permanent Missions and Delegations,,,"Avenue Giuseppe Motta 35-37
1202 Geneva
Switzerland","46.2209235, 6.1366033"
https://www.geneve-int.ch/index.php/permanent-mission-guinea-un-0,https://www.geneve-int.ch/sites/default/files/styles/scale_450x450/public/geint/logo/500px-flag_of_guinea.svg_.png?itok=TAF4oXMF,Guinea  - Permanent Mission  (UN),Permanent Missions and Delegations,,,"Rue du Valais 7-9
1202 Geneva
Switzerland","46.2163204, 6.1475997"
https://www.geneve-int.ch/index.php/guyana-permanent-mission-un-0,https://www.geneve-int.ch/sites/default/files/styles/scale_450x450/public/sites/cooperationinternationalegeneve.ch/files/logo/drapeau-guyana.jpg?itok=tPvtWT9m,Guyana - permanent mission (UN),Permanent Missions and Delegations,,,"Rue du Pré-de-la-Bichette 1
1202 Geneva
Switzerland","46.2206488, 6.1354595"
https://www.geneve-int.ch/index.php/permament-mission-haiti-un-0,https://www.geneve-int.ch/sites/default/files/styles/scale_450x450/public/2019-09/500px-Flag_of_Haiti.svg.png?itok=TM8dOYb1,Haiti  - Permanent Mission (UN),Permanent Missions and Delegations,,,"rue de Lyon 89
1203 Geneva
Switzerland","46.2085093, 6.124169734435542"
https://www.geneve-int.ch/index.php/permanent-mission-vatican-un-0,https://www.geneve-int.ch/sites/default/files/styles/scale_450x450/public/geint/logo/500px-flag_of_the_vatican_city.svg_.png?itok=ufzeeZne,Holy See  - Permanent Observer Mission (UN),Permanent Missions and Delegations,,,"Chemin du Vengeron 16
1292 Chambésy
Switzerland","46.24630035, 6.147781896172024"
https://www.geneve-int.ch/index.php/permanent-mission-honduras-un-0,https://www.geneve-int.ch/sites/default/files/styles/scale_450x450/public/geint/logo/500px-flag_of_honduras.svg__2.png?itok=vhWuqnSD,Honduras - Permanent Mission  (UN),Permanent Missions and Delegations,,,"Avenue de France 23
1202 Geneva
Switzerland","46.2200491, 6.143868"
https://www.geneve-int.ch/index.php/permanent-mission-honduras-wto-0,https://www.geneve-int.ch/sites/default/files/styles/scale_450x450/public/geint/logo/500px-flag_of_honduras.svg__0.png?itok=rn_X5tSh,Honduras - Permanent Mission  (WTO),Permanent Missions and Delegations,,,"Rue de Vermont 9a
1202 Geneva
Switzerland","46.2158042, 6.1336786"
https://www.geneve-int.ch/index.php/hong-kong-economic-and-trade-office-representation-wto-0,https://www.geneve-int.ch/sites/default/files/styles/scale_450x450/public/geint/logo/500px-flag_of_hong_kong.svg__0.png?itok=olOVciBQ,Hong Kong Economic and Trade Office - Representation (WTO),Permanent Missions and Delegations,,,"Allée David-Morse 5
1202 Geneva
Switzerland","46.2260685, 6.1340611"
https://www.geneve-int.ch/index.php/human-rights-council-hrc-0,https://www.geneve-int.ch/sites/default/files/styles/scale_450x450/public/2022-07/Logo-HRC.png?itok=MTQtpj6b,Human Rights Council - HRC,"International Organisations, Programmes, Funds, Institutes and other",,,"Avenue de la Paix 8-14
1211 Geneva
Switzerland","46.228251549999996, 6.1424633241700475"
https://www.geneve-int.ch/index.php/permanent-mission-hungary-un-0,https://www.geneve-int.ch/sites/default/files/styles/scale_450x450/public/geint/logo/500px-flag_of_hungary.svg_.png?itok=Mfl8edbF,Hungary  - Permanent Mission (UN),Permanent Missions and Delegations,,,"Rue du Grand-Pré 64
1202 Geneva
Switzerland","46.2156717, 6.1322563"
https://www.geneve-int.ch/index.php/permanent-mission-iceland-un-0,https://www.geneve-int.ch/sites/default/files/styles/scale_450x450/public/geint/logo/500px-flag_of_iceland.svg_.png?itok=AnlHddPv,Iceland  - Permanent Mission (UN),Permanent Missions and Delegations,,,"Avenue Blanc 49
1202 Geneva
Switzerland","46.2212264, 6.1476671"
https://www.geneve-int.ch/index.php/whoswho/implementation-support-unit-convention-cluster-munitions,https://www.geneve-int.ch/sites/default/files/styles/scale_450x450/public/2022-04/CCMlogo.jpg?itok=SPwY3D_u,Implementation Support Unit of the Convention on Cluster Munitions,"International Organisations, Programmes, Funds, Institutes and other",,,"Chemin Eugène-Rigot 2C
1211 Geneva","46.221118, 6.1431866"
https://www.geneve-int.ch/index.php/permanent-mission-india-un-wto-conference-disarmament-0,https://www.geneve-int.ch/sites/default/files/styles/scale_450x450/public/geint/logo/500px-flag_of_india.svg_.png?itok=4vpW1vbU,"India  - Permanent Mission (UN, WTO, Conference on Disarmament)",Permanent Missions and Delegations,,,"Rue du Valais 9
1202 Geneva
Switzerland","46.2172455, 6.1459835"
https://www.geneve-int.ch/index.php/indonesia-permanent-mission-un-0,https://www.geneve-int.ch/sites/default/files/styles/scale_450x450/public/geint/logo/500px-flag_of_indonesia.svg_.png?itok=QHqckCow,Indonesia - Permanent Mission  (UN),Permanent Missions and Delegations,Career opportunities,http://mission-indonesia.org/category/job-vacancies/,"Rue de Saint-Jean 16
1203 Geneva
Switzerland","46.204012750000004, 6.126662989430146"
https://www.geneve-int.ch/index.php/inter-agency-standing-committee-iasc-0,https://www.geneve-int.ch/sites/default/files/styles/scale_450x450/public/2021-06/IASC-logo.png?itok=hE1i-Q2-,Inter-Agency Standing Committee - IASC,"International Organisations, Programmes, Funds, Institutes and other",,,"Avenue de la Paix 8-14
1211 Geneva
Switzerland","46.228251549999996, 6.1424633241700475"
https://www.geneve-int.ch/index.php/inter-parliamentary-union-ipu-0,https://www.geneve-int.ch/sites/default/files/styles/scale_450x450/public/2021-06/IPU-logo.png?itok=sw5b9XA7,Inter-Parliamentary Union - IPU,"International Organisations, Programmes, Funds, Institutes and other",Career opportunities,https://www.ipu.org/work-with-us/vacancies,"Chemin du Pommier 5
1218 Le Grand-Saconnex
Switzerland","46.2268559, 6.1238087"
https://www.geneve-int.ch/index.php/intergovernmental-panel-climate-change-ipcc-0,https://www.geneve-int.ch/sites/default/files/styles/scale_450x450/public/2021-07/IPCC-logo.png?itok=lmRX-MoE,Intergovernmental Panel on Climate Change - IPCC,"International Organisations, Programmes, Funds, Institutes and other",,,"7bis Avenue de la Paix
1202 Geneva
Switzerland","46.2232525, 6.146247685692625"
https://www.geneve-int.ch/index.php/international-air-transport-association-iata-0,https://www.geneve-int.ch/sites/default/files/styles/scale_450x450/public/2022-07/Logo_IATA.png?itok=QCZvCopf,International Air Transport Association - IATA,"International Organisations, Programmes, Funds, Institutes and other",Career opportunities,https://www.iata.org/en/careers/,"Route de l'Aéroport 33
1215 Genève
Switzerland","46.232418, 6.1108199"
https://www.geneve-int.ch/index.php/whoswho/international-alliance-protection-heritage-conflict-areas-aliph,https://www.geneve-int.ch/sites/default/files/styles/scale_450x450/public/sites/cooperationinternationalegeneve.ch/files/logo/aliph-logo.jpg?itok=oBG7cqTv,International alliance for the protection of heritage in conflict areas - ALIPH,"International Organisations, Programmes, Funds, Institutes and other",Career opportunities,https://www.aliph-foundation.org/en/join-us,"Rue de Lausanne 80
1202 Genève
Switzerland","46.2167065, 6.1480928"
https://www.geneve-int.ch/index.php/international-atomic-energy-agency-iaea-0,https://www.geneve-int.ch/sites/default/files/styles/scale_450x450/public/2022-07/Logo-IAEA.png?itok=qhbnTUPG,International Atomic Energy Agency - IAEA Office in Geneva,"International Organisations, Programmes, Funds, Institutes and other",Career opportunities,https://www.iaea.org/employment,"Avenue de la Paix 8-14
1211 Geneva
Switzerland","46.228251549999996, 6.1424633241700475"
https://www.geneve-int.ch/index.php/international-bureau-education-ibe-unesco-0,https://www.geneve-int.ch/sites/default/files/styles/scale_450x450/public/2022-06/Logo-IBE.png?itok=X8Vhk6CZ,International Bureau of Education - IBE UNESCO,"International Organisations, Programmes, Funds, Institutes and other",Career opportunities,http://www.ibe.unesco.org/en/who-we-are/employment,"Route des Morillons 15
1218 Le Grand Saconnex
Switzerland","46.2311836, 6.1286102"
https://www.geneve-int.ch/index.php/whoswho/international-chamber-commerce-icc,https://www.geneve-int.ch/sites/default/files/styles/scale_450x450/public/2022-10/Logo_ICC.png?itok=LApP2-pL,International Chamber of Commerce - ICC,Non-governmental organizations,Career opportunities,https://iccwbo.org/careers/,"Boulevard du Théâtre 4
1204 Genève","46.2022496, 6.1416388"
https://www.geneve-int.ch/index.php/international-civil-defence-organization-icdo-0,https://www.geneve-int.ch/sites/default/files/styles/scale_450x450/public/2021-07/ICDO-logo.png?itok=EQhRIPOr,International Civil Defence Organization - ICDO,"International Organisations, Programmes, Funds, Institutes and other",,,"Chemin de Surville 10-12
1213 Genève
Switzerland","46.1928633, 6.1248913"
https://www.geneve-int.ch/index.php/node/35516,https://www.geneve-int.ch/sites/default/files/styles/scale_450x450/public/2021-07/ICOCA-logo.jpg?itok=_u4gCFZQ,International Code of Conduct Association - ICoCA,"International Organisations, Programmes, Funds, Institutes and other",,,"Rue du Pré-de-la-Bichette 1
1202 Genève","46.2206488, 6.1354595"
https://www.geneve-int.ch/index.php/international-committee-red-cross-icrc-0,https://www.geneve-int.ch/sites/default/files/styles/scale_450x450/public/2021-06/ICRC-logo.png?itok=-fu6ncNH,International Committee of the Red Cross - ICRC,"International Organisations, Programmes, Funds, Institutes and other",Career opportunities,https://careers.icrc.org/,"Avenue de la Paix 19
1202 Geneva
Switzerland","46.227745, 6.137276111424844"
https://www.geneve-int.ch/index.php/international-development-law-organization-permanent-delegation-un-0,https://www.geneve-int.ch/sites/default/files/styles/scale_450x450/public/sites/cooperationinternationalegeneve.ch/files/logo/idlo-squarelogo-1426249913505.png?itok=5ast9UlP,International Development Law Organization - IDLO,Permanent Missions and Delegations,Career opportunities,https://www.idlo.int/careers,"Avenue de France 23
1202 Geneva
Switzerland","46.2200491, 6.143868"
https://www.geneve-int.ch/index.php/international-electrotechnical-commission-iec-0,https://www.geneve-int.ch/sites/default/files/styles/scale_450x450/public/geint/logo/iec_0.jpg?itok=fFLzPNTN,International Electrotechnical Commission - IEC,"International Organisations, Programmes, Funds, Institutes and other",Career opportunities,https://www.iec.ch/careers,"Rue de Varembé 3
1211 Genève
Switzerland","46.22048975, 6.138835000779148"
https://www.geneve-int.ch/index.php/whoswho/international-federation-red-cross-and-red-crescent-societies-ifrc,https://www.geneve-int.ch/sites/default/files/styles/scale_450x450/public/2021-07/IFRC-logo_0.png?itok=tVbwr-UN,International Federation of the Red Cross and Red Crescent Societies - IFRC,"International Organisations, Programmes, Funds, Institutes and other",Career opportunities,https://www.ifrc.org/en/who-we-are/working-with-us/working-with-us/,"Chemin des Crêts 17
1209 Geneva
Switzerland","46.22192055, 6.125875280527704"
https://www.geneve-int.ch/index.php/whoswho/international-labour-organization-ilo,https://www.geneve-int.ch/sites/default/files/styles/scale_450x450/public/2021-06/ILO-logo.png?itok=evvEXeg0,International Labour Organization - ILO,"International Organisations, Programmes, Funds, Institutes and other",Career opportunities,https://jobs.ilo.org/,"Route des Morillons 4
1202 Genève
Switzerland","46.2286278, 6.1346858"
https://www.geneve-int.ch/index.php/international-law-commission-ilc-0,https://www.geneve-int.ch/sites/default/files/styles/scale_450x450/public/2022-07/Logo-UN_1.png?itok=9en4mfA3,International Law Commission - ILC,"International Organisations, Programmes, Funds, Institutes and other",,,"Avenue de la Paix 8-14
1211 Geneva
Switzerland","46.228251549999996, 6.1424633241700475"
https://www.geneve-int.ch/index.php/international-organization-migration-iom-0,https://www.geneve-int.ch/sites/default/files/styles/scale_450x450/public/2021-06/IOM-logo.png?itok=abGUMIMm,International Organization for Migration  - IOM,"International Organisations, Programmes, Funds, Institutes and other",Career opportunities,https://www.iom.int/recruitment,"Route des Morillons 17
1211 Geneva
Switzerland","46.2305912, 6.1292187"
https://www.geneve-int.ch/index.php/whoswho/international-organization-standardization-iso,https://www.geneve-int.ch/sites/default/files/styles/scale_450x450/public/2021-04/Logo-ISO.png?itok=VLqnwUSv,International Organization for Standardization - ISO,"International Organisations, Programmes, Funds, Institutes and other",Career opportunities,https://www.iso.org/working-with-iso.html,"Chemin de Blandonnet 8
1214 Vernier
Switzerland","46.2207423, 6.0984464"
https://www.geneve-int.ch/index.php/international-telecommunication-union-itu-0,https://www.geneve-int.ch/sites/default/files/styles/scale_450x450/public/2019-10/Logo-ITU_0.png?itok=NeKhKPhj,International Telecommunication Union - ITU,"International Organisations, Programmes, Funds, Institutes and other",Career opportunities,https://www.itu.int/en/careers,"Place des Nations
1211 Genève
Switzerland","46.2224013, 6.1380736"
https://www.geneve-int.ch/index.php/international-trade-centre-itc-0,https://www.geneve-int.ch/sites/default/files/styles/scale_450x450/public/2022-07/Logo_ITC.png?itok=At2k5Qg-,International Trade Centre - ITC,"International Organisations, Programmes, Funds, Institutes and other",Career opportunities,https://intracen.org/about-us/careers/job-openings,"Rue de Montbrillant 54-56
1202 Geneva
Switzerland","46.2159528, 6.1413583"
https://www.geneve-int.ch/index.php/node/2342,https://www.geneve-int.ch/sites/default/files/styles/scale_450x450/public/2020-11/Logo.IUCN_.png?itok=d_ScPx50,International Union for Conservation of Nature - IUCN,"International Organisations, Programmes, Funds, Institutes and other",Career opportunities,https://hrms.iucn.org/iresy/index.cfm?event=vac.showOpenList,"Rue Mauverney 28
1196 Gland
Switzerland","46.4156604, 6.2784135"
https://www.geneve-int.ch/index.php/international-union-protection-new-varieties-plants-upov-0,https://www.geneve-int.ch/sites/default/files/styles/scale_450x450/public/2021-07/UPOV-logo.png?itok=EYrg5HUt,International Union for the Protection of New Varieties of Plants - UPOV,"International Organisations, Programmes, Funds, Institutes and other",,,"Chemin des Colombettes 34
1211 Geneva
Switzerland","46.2218286, 6.137159"
https://www.geneve-int.ch/index.php/internet-governance-forum-igf-0,https://www.geneve-int.ch/sites/default/files/styles/scale_450x450/public/2021-07/IGF-logo.png?itok=CVIZwSrb,Internet Governance Forum - IGF,"International Organisations, Programmes, Funds, Institutes and other",Career opportunities,http://www.intgovforum.org/cms/aboutigf/vacancies,"Palais des Nations, Geneva
Avenue de la Paix 8-14","46.225705500000004, 6.140806439130429"
https://www.geneve-int.ch/index.php/interpeace-0,https://www.geneve-int.ch/sites/default/files/styles/scale_450x450/public/2021-07/Interpeace-logo.png?itok=L8O9J-TC,Interpeace,"International Organisations, Programmes, Funds, Institutes and other",Career opportunities,https://www.interpeace.org/jobs/,"
Chemin Eugène-Rigot 2E
1202 Genève","46.2232015, 6.1437187"
https://www.geneve-int.ch/index.php/iran-islamic-republic-permanent-mission-un-0,https://www.geneve-int.ch/sites/default/files/styles/scale_450x450/public/geint/logo/500px-flag_of_iran.svg_.png?itok=pAj9eUif,Iran (Islamic Republic of ) - Permanent Mission  (UN),Permanent Missions and Delegations,,,"Chemin du Petit-Saconnex 28
1209 Geneva
Switzerland","46.2228902, 6.1330114"
https://www.geneve-int.ch/index.php/permanent-mission-iraq-un-0,https://www.geneve-int.ch/sites/default/files/styles/scale_450x450/public/geint/logo/500px-flag_of_iraq.svg__0.png?itok=tgHiQJYz,Iraq  - Permanent Mission (UN),Permanent Missions and Delegations,,,"Impasse Colombelle 8
1218 Grand-Saconnex
Switzerland","46.23552115, 6.122420661104718"
https://www.geneve-int.ch/index.php/permanent-mission-ireland-un-0,https://www.geneve-int.ch/sites/default/files/styles/scale_450x450/public/geint/logo/500px-flag_of_ireland.svg_.png?itok=Q3QFKY8y,Ireland  - Permanent Mission (UN),Permanent Missions and Delegations,,,"Rue de Moillebeau 56-58
1209 Geneva","46.2205313, 6.1295725"
https://www.geneve-int.ch/index.php/permanent-mission-israel-un-0,https://www.geneve-int.ch/sites/default/files/styles/scale_450x450/public/geint/logo/500px-flag_of_israel.svg_.png?itok=X2CzDObC,Israel - Permanent Mission  (UN),Permanent Missions and Delegations,,,"Avenue de la Paix 1-3
1202 Geneva
Switzerland","46.2259162, 6.1370571"
https://www.geneve-int.ch/index.php/permanent-mission-italy-un-0,https://www.geneve-int.ch/sites/default/files/styles/scale_450x450/public/geint/logo/500px-flag_of_italy.svg_.png?itok=2Y-TFvVa,Italy  - Permanent Mission (UN),Permanent Missions and Delegations,,,"Chemin de l'Impératrice 10
1292 Pregny
Switzerland","46.230210150000005, 6.144075209599858"
https://www.geneve-int.ch/index.php/permanent-mission-ivory-coast-un-0,https://www.geneve-int.ch/sites/default/files/styles/scale_450x450/public/geint/logo/500px-flag_of_cote_divoire.svg__0.png?itok=1vHxDjXS,Ivory Coast - Permanent Mission  (UN),Permanent Missions and Delegations,,,"Route de Ferney 149H
1218 Grand-Saconnex
Switzerland","46.2278692, 6.125731060331792"
https://www.geneve-int.ch/index.php/permanent-mission-jamaica-un-0,https://www.geneve-int.ch/sites/default/files/styles/scale_450x450/public/geint/logo/500px-flag_of_jamaica.svg_.png?itok=-pWdxlod,Jamaica  - Permanent Mission (UN),Permanent Missions and Delegations,,,"Avenue de France 23
1202 Geneva
Switzerland","46.2200491, 6.143868"
https://www.geneve-int.ch/index.php/japan-permanent-mission-un-conference-disarmament-0,https://www.geneve-int.ch/sites/default/files/styles/scale_450x450/public/geint/logo/500px-flag_of_japan.svg_.png?itok=ORJ1SwSo,"Japan  - Permanent Mission (UN, Conference on Disarmament)",Permanent Missions and Delegations,,,"Chemin des Fins 3
1218 Grand-Saconnex
Switzerland","46.22655005, 6.123375839384289"
https://www.geneve-int.ch/index.php/joint-inspection-unit-jiu-0,https://www.geneve-int.ch/sites/default/files/styles/scale_450x450/public/2022-07/Logo-UN_3.png?itok=30s-2hs_,Joint Inspection Unit of the United Nations System - JIU,"International Organisations, Programmes, Funds, Institutes and other",,,"Avenue de la Paix 8-14
1211 Geneva
Switzerland","46.228251549999996, 6.1424633241700475"
https://www.geneve-int.ch/index.php/joint-united-nations-programme-hivaids-unaids-0,https://www.geneve-int.ch/sites/default/files/styles/scale_450x450/public/2021-06/UNAIDS_logo.png?itok=88bEyurn,Joint United Nations Programme on HIV/AIDS - UNAIDS,"International Organisations, Programmes, Funds, Institutes and other",Career opportunities,https://www.unaids.org/en/vacanciesandtenders/vacancies,"Avenue Appia 20
1211 Geneva
Switzerland","46.2335379, 6.1331025"
https://www.geneve-int.ch/index.php/permanent-mission-jordan-un-0,https://www.geneve-int.ch/sites/default/files/styles/scale_450x450/public/geint/logo/500px-flag_of_jordan.svg_.png?itok=KdhCu5iu,Jordan  - Permanent Mission  (UN),Permanent Missions and Delegations,,,"Rue de Vermont 37-39
1202 Geneva
Switzerland","46.218302, 6.1370223"
https://www.geneve-int.ch/index.php/permanent-mission-kazakhstan-un-0,https://www.geneve-int.ch/sites/default/files/styles/scale_450x450/public/geint/logo/500px-flag_of_kazakhstan.svg_.png?itok=Yg633Oad,Kazakhstan  - Permanent Mission (UN),Permanent Missions and Delegations,,,"Chemin du Prunier 16
1218 Le Grand-Saconnex
Switzerland","46.22381235, 6.116569579118838"
https://www.geneve-int.ch/index.php/whoswho/kazakhstan-permanent-mission-wto,https://www.geneve-int.ch/sites/default/files/styles/scale_450x450/public/geint/logo/500px-flag_of_kazakhstan.svg_.png?itok=Yg633Oad,Kazakhstan  - Permanent Mission (WTO),Permanent Missions and Delegations,,,"Avenue de France 23
1202 Genève
Switzerland","46.2200491, 6.143868"
https://www.geneve-int.ch/index.php/permanent-mission-kenya-un-0,https://www.geneve-int.ch/sites/default/files/styles/scale_450x450/public/geint/logo/500px-flag_of_kenya.svg_.png?itok=KF7a1-xc,Kenya  - Permanent Mission (UN),Permanent Missions and Delegations,,,"Allée David-Morse 6
1202 Geneva
Switzerland","46.2263712, 6.1340279"
https://www.geneve-int.ch/index.php/permanent-mission-kuweit-un-0,https://www.geneve-int.ch/sites/default/files/styles/scale_450x450/public/geint/logo/500px-flag_of_kuwait.svg_.png?itok=K2J3dDu3,Kuwait  - Permanent Mission (UN),Permanent Missions and Delegations,,,"Avenue de l'Ariana 2
1202 Geneva
Switzerland","46.2244509, 6.1351146"
https://www.geneve-int.ch/index.php/permanent-mission-kyrgyzstan-un-0,https://www.geneve-int.ch/sites/default/files/styles/scale_450x450/public/geint/logo/500px-flag_of_kyrgyzstan.svg_.png?itok=YJGTwa3o,Kyrgyzstan - Permanent Mission  (UN),Permanent Missions and Delegations,,,"Rue du Lac 4-6
1207 Geneva
Switzerland","46.2042447, 6.1574443"
https://www.geneve-int.ch/index.php/permanent-mission-lao-peoples-democratic-republic-un-0,https://www.geneve-int.ch/sites/default/files/styles/scale_450x450/public/geint/logo/500px-flag_of_laos.svg_.png?itok=JZzAv_3m,Lao People's Democratic Republic - Permanent Mission (UN),Permanent Missions and Delegations,,,"Route de Colovrex 14bis
1218 Grand-Saconnex
Switzerland","46.23511035, 6.1257465355011655"
https://www.geneve-int.ch/index.php/permanent-mission-latvia-un-0,https://www.geneve-int.ch/sites/default/files/styles/scale_450x450/public/geint/logo/500px-flag_of_latvia.svg_.png?itok=8oy0xUuZ,Latvia - Permanent Mission (UN),Permanent Missions and Delegations,,,"Rue de Lausanne 137
1202 Geneva
Switzerland","46.217619, 6.1481622"
https://www.geneve-int.ch/index.php/permanent-delegation-league-arab-states-0,https://www.geneve-int.ch/sites/default/files/styles/scale_450x450/public/geint/logo/500px-flag_of_the_arab_league.svg__1.png?itok=kRPNeXIf,League of Arab States - Permanent Delegation (UN),Permanent Missions and Delegations,,,"Rue du Valais 9
1202 Geneva
Switzerland","46.2172455, 6.1459835"
https://www.geneve-int.ch/index.php/permanent-mission-lebanon-un-0,https://www.geneve-int.ch/sites/default/files/styles/scale_450x450/public/geint/logo/500px-flag_of_lebanon.svg_.png?itok=3vjiQCxK,Lebanon  - Permanent Mission (UN),Permanent Missions and Delegations,,,"Rue de Moillebeau 58
1209 Geneva
Switzerland","46.2226927, 6.1309452"
https://www.geneve-int.ch/index.php/permanent-mission-lesotho-un-0,https://www.geneve-int.ch/sites/default/files/styles/scale_450x450/public/geint/logo/500px-flag_of_lesotho.svg__0.png?itok=nB5oFK3q,Lesotho - Permanent Mission  (UN),Permanent Missions and Delegations,,,"Rue de Lausanne 45-47
1201 Geneva
Switzerland","46.2143108, 6.1462007"
https://www.geneve-int.ch/index.php/permanent-mission-liberia-un-0,https://www.geneve-int.ch/sites/default/files/styles/scale_450x450/public/geint/logo/500px-flag_of_liberia.svg_.png?itok=RyzjcTVK,Liberia  - Permanent Mission (UN),Permanent Missions and Delegations,,,"Chemin de Taverney 15
1218 Grand-Saconnex
Switzerland",Not found
https://www.geneve-int.ch/index.php/permanent-mission-libyan-arab-jamahiryia-un-0,https://www.geneve-int.ch/sites/default/files/styles/scale_450x450/public/geint/logo/500px-flag_of_libya_1951.svg_.png?itok=cchg1i-V,Libya - Permanent Mission (UN),Permanent Missions and Delegations,,,"Rue de Richemond 25
1202 Geneva
Switzerland",Not found
https://www.geneve-int.ch/index.php/liechtenstein-permanent-mission-un-0,https://www.geneve-int.ch/sites/default/files/styles/scale_450x450/public/geint/logo/500px-flag_of_liechtenstein.svg_.png?itok=fYRIxRZx,Liechtenstein  - Permanent Mission (UN),Permanent Missions and Delegations,Career opportunities,https://www.regierung.li/offene-stellen-bewerbung-bis-26-11-21,"Avenue Giuseppe Motta 35-37
1202 Geneva
Switzerland","46.2209235, 6.1366033"
https://www.geneve-int.ch/index.php/permanent-mission-lithuania-un-0,https://www.geneve-int.ch/sites/default/files/styles/scale_450x450/public/geint/logo/500px-flag_of_lithuania.svg_.png?itok=4dbkhheI,Lithuania  - Permanent Mission (UN),Permanent Missions and Delegations,,,"Chemin Camille-Vidart 15
1202 Geneva
Switzerland","46.2197449, 6.1367197"
https://www.geneve-int.ch/index.php/permanent-mission-luxemburg-un-0,https://www.geneve-int.ch/sites/default/files/styles/scale_450x450/public/geint/logo/500px-flag_of_luxembourg.svg_.png?itok=7QDmnLcJ,Luxemburg  - Permanent Mission (UN),Permanent Missions and Delegations,,,"Chemin de la Rochette 13
1202 Geneva
Switzerland","46.2221119, 6.1335939"
https://www.geneve-int.ch/index.php/representation-macao-wto-0,https://www.geneve-int.ch/sites/default/files/styles/scale_450x450/public/geint/logo/500px-flag_of_macau.svg__0.png?itok=oObOHfn4,Macao Economic and Trade Office - Representation (WTO),Permanent Missions and Delegations,,,"Avenue Louis-Casaï 18
1209 Geneva
Switzerland","46.2193016, 6.1150892"
https://www.geneve-int.ch/index.php/permament-mission-madagascar-un-0,https://www.geneve-int.ch/sites/default/files/styles/scale_450x450/public/geint/logo/500px-flag_of_madagascar.svg_.png?itok=OGcgiA3l,Madagascar  - Permanent Mission (UN),Permanent Missions and Delegations,,,"Avenue Riant-Parc 32
1209 Geneva
Switzerland","46.220420, 6.120390"
https://www.geneve-int.ch/index.php/malawi-permanent-mission-un-0,https://www.geneve-int.ch/sites/default/files/styles/scale_450x450/public/sites/cooperationinternationalegeneve.ch/files/logo/malawi.png?itok=exIIL2Dy,Malawi - Permanent Mission (UN),Permanent Missions and Delegations,,,"Rue du Pré-de-la-Bichette 1
1202 Genève
Switzerland","46.2206488, 6.1354595"
https://www.geneve-int.ch/index.php/permanent-mission-malaysia-un-wto-0,https://www.geneve-int.ch/sites/default/files/styles/scale_450x450/public/geint/logo/500px-flag_of_malaysia.svg_.png?itok=Cs5NhpDW,"Malaysia  - Permanent Mission (UN, WTO)",Permanent Missions and Delegations,,,"Route de Pré-bois 20
1215 Cointrin
Switzerland","46.2245415, 6.1008783"
https://www.geneve-int.ch/index.php/permanent-mission-maldives-un-0,https://www.geneve-int.ch/sites/default/files/styles/scale_450x450/public/geint/logo/500px-flag_of_maldives.svg_.png?itok=tD2i72_8,Maldives - Permanent Mission (UN),Permanent Missions and Delegations,,,"Rue de Varembé 7
1202 Geneva
Switzerland","46.2213651, 6.1395961"
https://www.geneve-int.ch/index.php/permanent-mission-mali-un-0,https://www.geneve-int.ch/sites/default/files/styles/scale_450x450/public/geint/logo/500px-flag_of_mali.svg_.png?itok=Gj19xkGK,Mali  - Permanent Mission (UN),Permanent Missions and Delegations,,,"Route de Pré-Bois 20
1215 Genève
Switzerland","46.2245415, 6.1008783"
https://www.geneve-int.ch/index.php/permanent-mission-malta-un-0,https://www.geneve-int.ch/sites/default/files/styles/scale_450x450/public/geint/logo/500px-flag_of_malta.svg_.png?itok=qgt6JJjn,Malta  - Permanent Mission  (UN),Permanent Missions and Delegations,,,"Parc du Château-Banquet 26
1202 Geneva
Switzerland","46.2182393, 6.1488490933355315"
https://www.geneve-int.ch/index.php/permanent-mission-mauritania-un-0,https://www.geneve-int.ch/sites/default/files/styles/scale_450x450/public/geint/logo/500px-flag_of_mauritania.svg__0.png?itok=r7DAbeZJ,Mauritania  - Permanent Mission (UN),Permanent Missions and Delegations,,,"Avenue de France 23
1202 Genève
Switzerland","46.2200491, 6.143868"
https://www.geneve-int.ch/index.php/permanent-mission-mauritius-un-0,https://www.geneve-int.ch/sites/default/files/styles/scale_450x450/public/geint/logo/500px-flag_of_mauritius.svg_.png?itok=kKxDBqQ8,Mauritius  - Permanent Mission (UN),Permanent Missions and Delegations,,,"Rue de Vermont 37-39
1202 Geneva
Switzerland","46.218302, 6.1370223"
https://www.geneve-int.ch/index.php/whoswho/medicines-malaria-venture-mmv,https://www.geneve-int.ch/sites/default/files/styles/scale_450x450/public/2022-07/Logo_MMV.png?itok=Hq6FdMos,Medicines for Malaria Venture - MMV,"International Organisations, Programmes, Funds, Institutes and other",Career opportunities,https://www.mmv.org/about-us/work-us/jobs,"Route de Pré-Bois 20
1215 Geneva","46.2245415, 6.1008783"
https://www.geneve-int.ch/index.php/node/4160,https://www.geneve-int.ch/sites/default/files/styles/scale_450x450/public/2021-07/MPP-logo.png?itok=Sjsr7uW8,Medicines Patent Pool - MPP,"International Organisations, Programmes, Funds, Institutes and other",Career opportunities,https://medicinespatentpool.org/who-we-are/career-request-for-proposals/,"Rue de Varembé 7
1202 Genève
Switzerland","46.2213651, 6.1395961"
https://www.geneve-int.ch/index.php/permanent-mission-mexico-un-0,https://www.geneve-int.ch/sites/default/files/styles/scale_450x450/public/geint/logo/500px-flag_of_mexico.svg_.png?itok=1p2vCgCo,"Mexico - Permanent Mission (UN, WTO)",Permanent Missions and Delegations,,,"Chemin Camille-Vidart 15
1202 Geneva
Switzerland","46.2197449, 6.1367197"
https://www.geneve-int.ch/index.php/whoswho/minamata-convention-mercury-unep,https://www.geneve-int.ch/sites/default/files/styles/scale_450x450/public/2021-07/Minamata-convention-logo.png?itok=3MoT-flv,Minamata Convention on Mercury (UNEP),"International Organisations, Programmes, Funds, Institutes and other",,,"
11-13, Chemin des Anémones
1219 Châtelaine","46.2137418, 6.11109"
https://www.geneve-int.ch/index.php/permanent-mission-monaco-un-0,https://www.geneve-int.ch/sites/default/files/styles/scale_450x450/public/geint/logo/500px-flag_of_monaco.svg_.png?itok=XZeZW7zZ,Monaco - Permanent Mission  (UN),Permanent Missions and Delegations,,,"Rue de Moillebeau 56
1209 Geneva
Switzerland","46.2225217, 6.130719"
https://www.geneve-int.ch/index.php/permanent-mission-mongolia-un-0,https://www.geneve-int.ch/sites/default/files/styles/scale_450x450/public/geint/logo/500px-flag_of_mongolia.svg_.png?itok=Tu-kXu-g,Mongolia  - Permanent Mission (UN),Permanent Missions and Delegations,,,"Chemin des Mollies 4
1293 Bellevue
Switzerland","46.252696099999994, 6.151505850251935"
https://www.geneve-int.ch/index.php/permanent-mission-montenegro-un-0,https://www.geneve-int.ch/sites/default/files/styles/scale_450x450/public/geint/logo/500px-flag_of_montenegro.svg_.png?itok=kQo1t-DL,Montenegro  - Permanent Mission (UN),Permanent Missions and Delegations,,,"Rue de Varembé 7
1202 Geneva
Switzerland","46.2213651, 6.1395961"
https://www.geneve-int.ch/index.php/permanent-mission-morocco-un-0,https://www.geneve-int.ch/sites/default/files/styles/scale_450x450/public/geint/logo/500px-flag_of_morocco.svg__0.png?itok=fNMDHXHa,Morocco - Permanent Mission  (UN),Permanent Missions and Delegations,,,"Chemin François-Lehmann 18
1218 Grand-Saconnex
Switzerland","46.2303302, 6.1222181"
https://www.geneve-int.ch/index.php/permanent-mission-mozambique-un-0,https://www.geneve-int.ch/sites/default/files/styles/scale_450x450/public/geint/logo/500px-flag_of_mozambique.svg_.png?itok=6JNXmTpC,Mozambique  - Permanent Mission (UN),Permanent Missions and Delegations,,,"Chemin Louis-Dunant 17
1202 Geneva
Switzerland","46.219929, 6.136440"
https://www.geneve-int.ch/index.php/myanmar-permanent-mission-un-0,https://www.geneve-int.ch/sites/default/files/styles/scale_450x450/public/geint/logo/500px-flag_of_myanmar.svg_.png?itok=68WFwTns,Myanmar  - Permanent Mission (UN),Permanent Missions and Delegations,,,"Avenue Blanc 47
1202 Geneva
Switzerland","46.2209797, 6.1477213"
https://www.geneve-int.ch/index.php/namibia-permanent-mission-un-0,https://www.geneve-int.ch/sites/default/files/styles/scale_450x450/public/geint/logo/500px-flag_of_namibia.svg_.png?itok=KujA6CMS,Namibia  - Permanent Mission (UN),Permanent Missions and Delegations,,,"Allée David-Morse 8
1202 Geneva
Switzerland","46.2263712, 6.1340279"
https://www.geneve-int.ch/index.php/permanent-mission-namibia-wto-0,https://www.geneve-int.ch/sites/default/files/styles/scale_450x450/public/geint/logo/500px-flag_of_namibia.svg__0.png?itok=NxLp8ydG,Namibia - Permanent Mission  (WTO),Permanent Missions and Delegations,,,"Rue de Lausanne 80
1202 Geneva
Switzerland","46.2167065, 6.1480928"
https://www.geneve-int.ch/index.php/whoswho/nauru-permanent-mission-un,https://www.geneve-int.ch/sites/default/files/styles/scale_450x450/public/2020-07/2000px-Flag_of_Nauru.svg.png?itok=LeKIY0JT,Nauru - Permanent Mission (UN),Permanent Missions and Delegations,,,"Avenue de Sécheron 10
1202 Geneva
Switzerland","46.2207431, 6.1483794"
https://www.geneve-int.ch/index.php/permanent-mission-nepal-un-0,https://www.geneve-int.ch/sites/default/files/styles/scale_450x450/public/geint/logo/500px-flag_of_nepal.svg_.png?itok=ymrmJ2Xc,Nepal  - Permanent Mission (UN),Permanent Missions and Delegations,,,"Rue de la Servette 81
1202 Geneva
Switzerland","46.212616, 6.13149"
https://www.geneve-int.ch/index.php/permanent-mission-netherlands-un-conference-disarmament-0,https://www.geneve-int.ch/sites/default/files/styles/scale_450x450/public/geint/logo/500px-flag_of_the_netherlands.svg_.png?itok=cxjhc_zd,"Netherlands - Permanent Mission (UN, Conference on Disarmament)",Permanent Missions and Delegations,,,"Avenue Giuseppe Motta 31-33
1202 Geneva
Switzerland","46.2209235, 6.1366033"
https://www.geneve-int.ch/index.php/permanent-mission-new-zealand-un-wto-0,https://www.geneve-int.ch/sites/default/files/styles/scale_450x450/public/geint/logo/500px-flag_of_new_zealand.svg_.png?itok=1h8IVjf8,"New Zealand  - Permanent Mission (UN, WTO, Conference on Disarmament)",Permanent Missions and Delegations,,,"Chemin des Fins 2
1218 Grand-Saconnex
Switzerland","46.2261633, 6.1239301"
https://www.geneve-int.ch/index.php/permanent-mission-nicaragua-un-0,https://www.geneve-int.ch/sites/default/files/styles/scale_450x450/public/geint/logo/500px-flag_of_nicaragua.svg_.png?itok=KMSJHW0S,Nicaragua  - Permanent Mission (UN),Permanent Missions and Delegations,,,"Rue de Vermont 37-39
1202 Geneva
Switzerland","46.218302, 6.1370223"
https://www.geneve-int.ch/index.php/permanent-mission-niger-un-0,https://www.geneve-int.ch/sites/default/files/styles/scale_450x450/public/geint/logo/500px-flag_of_niger.svg_.png?itok=fH9Aw4Qo,Niger  - Permanent Mission (UN),Permanent Missions and Delegations,,,"23 Avenue de France
1202 Geneva
Switzerland","46.2200491, 6.143868"
https://www.geneve-int.ch/index.php/permanent-mission-nigeria-un-0,https://www.geneve-int.ch/sites/default/files/styles/scale_450x450/public/geint/logo/500px-flag_of_nigeria.svg_.png?itok=WeMJqtWN,Nigeria - Permanent Mission  (UN),Permanent Missions and Delegations,,,"Chemin du Petit-Saconnex 28a
1209 Geneva
Switzerland","46.2227821, 6.1326464"
https://www.geneve-int.ch/index.php/permanent-mission-norway-un-wto-0,https://www.geneve-int.ch/sites/default/files/styles/scale_450x450/public/geint/logo/500px-flag_of_norway.svg_.png?itok=yoKJz7IZ,"Norway  - Permanent Mission (UN, WTO)",Permanent Missions and Delegations,,,"Avenue de Budé 35bis
1202 Geneva
Switzerland","46.2255721, 6.1311095"
https://www.geneve-int.ch/index.php/permanent-mission-oman-un-0,https://www.geneve-int.ch/sites/default/files/styles/scale_450x450/public/geint/logo/500px-flag_of_oman.svg_.png?itok=7XJg2Wan,Oman  - Permanent Mission  (UN),Permanent Missions and Delegations,,,"Chemin de Roilbot 3a
1292 Chambésy
Switzerland","46.242959150000004, 6.143772825982859"
https://www.geneve-int.ch/index.php/permanent-representation-organisation-internationale-de-la-francophonie-oif-0,https://www.geneve-int.ch/sites/default/files/styles/scale_450x450/public/geint/logo/oif.jpg?itok=bGD0RgdD,Organisation Internationale de la Francophonie - Permanent Delegation (UN),Permanent Missions and Delegations,Career opportunities,https://recrutement-francophonie.jobs.net/fr-FR/,"Chemin des Mines 15
1202 Geneva
Switzerland","46.2229255, 6.1477383"
https://www.geneve-int.ch/index.php/permanent-delegation-african-caribbean-and-pacific-group-states-0,https://www.geneve-int.ch/sites/default/files/styles/scale_450x450/public/sites/cooperationinternationalegeneve.ch/files/logo/acp_0.jpg?itok=sHj7X_l3,"Organisation of African, Caribbean and Pacific States (OACPS) - Permanent Delegation (UN)",Permanent Missions and Delegations,,,"Rue de Vermont 37-39
1202 Genève
Switzerland","46.218302, 6.1370223"
https://www.geneve-int.ch/index.php/permanent-delegation-organisation-eastern-caribbean-states-oecs-0,https://www.geneve-int.ch/sites/default/files/styles/scale_450x450/public/sites/cooperationinternationalegeneve.ch/files/logo/oecs.jpg?itok=tyy-V5y-,Organisation of Eastern Caribbean States - Permanent Delegation (UN),Permanent Missions and Delegations,Career opportunities,https://www.oecs.org/work-with-us/jobs/current-job-opportunities,"Rue du Pré-de-la-Bichette 1
1202 Geneva
Switzerland","46.2206488, 6.1354595"
https://www.geneve-int.ch/index.php/permanent-delegation-organisation-islamic-conference-oic-0,https://www.geneve-int.ch/sites/default/files/styles/scale_450x450/public/geint/logo/500px-flag_of_oic.svg__0.png?itok=jysX-Mta,Organisation of Islamic Cooperation - Permanent Delegation (UN),Permanent Missions and Delegations,,,"Route Pré-Bois 20
1215 Geneva
Switzerland","46.224541, 6.100980"
,,,,,,,
,,DIPLOMATIC CLUB OF GENEVA,NGO,,,"
Route de Ferney 106
1202 Genève
Switzerland","46.2255495, 6.1339877"
,,United Nations Office of the High Commissioner for Human Rights - OHCHR,"
International Organisations,",,,"Rue des Pâquis 52
1201 Geneva
Switzerland","46.2148656, 6.1508891"
,,International Council of Voluntary Agencies - ICVA,Non-governmental organizations,,,"La Voie-Creuse 16
1202 Genève
Switzerland","46.2199117, 6.143235"
,,"Foundation for Appropriate Technologies in Health - Switzerland, an affiliate of PATH",Non-governmental organizations,,,"Rue de Varembé 7
1202 Genève
Switzerland","46.2213651, 6.1395961"
,,United Nations High Commissioner for Refugees - UNHCR,"
International Organisations,",,,"Rue de Montbrillant 94
1202 Geneva
Switzerland","46.22053875, 6.141115330838526"
,,European Broadcasting Union - EBU,"
Non-governmental organizations",,,"L'Ancienne-Route 17
1218 Grand-Saconnex
Switzerland","46.23213305, 6.126538553710864"
,,Permanent Mission of the Republic of Costa Rica,,,,"Av. de France 23, 1202 Genève, Switzerland","46.2200491, 6.143868"
,,United Nations Office at Geneva - UNOG,"International Organisations,",,,"Avenue de la Paix 8-14
1211 Genève
Switzerland","46.228251549999996, 6.1424633241700475"
,,Geneva Call,Non-governmental organizations,,,"Chemin de la Chevillarde 47
1224 Chêne-Bougeries
Switzerland","46.194735, 6.172752820316028"
,,Building Foundation for International Organisations FIPOI,,,,"Rue de Varembé 9-11
1202 Geneva
Switzerland","46.2213651, 6.1395961"
,,World Intellectual Property Organization,"
 International Organisations",,,"Chemin des Colombettes 34
1211 Geneva
Switzerland","46.2218286, 6.137159"
,,UNIGE University of Geneva,,,,"Rue du Général Dufour 24
1211 Genève
Switzerland","46.1997991, 6.1426647"
,,Permanent Mission of Portugal,,,,"Rue de Moillebeau 58
1209 Geneva
Switzerland","46.2226927, 6.1309452"
,,WHO World Health Organization,,,,"Avenue Appia 20
1211 Geneva
Switzerland","46.2335379, 6.1331025"
,,Permanent Mission of the Kingdom of Morocco,,,,"Chemin François-Lehmann 18
1218 Grand-Saconnex
Switzerland","46.2303302, 6.1222181"
,,Permanent Mission of Barbados,,,,"Chemin François-Lehmann 18
1218 Grand-Saconnex
Switzerland","46.2303302, 6.1222181"
,,Permanent Mission of the Federal Republic of Germany,,,,"
Chemin du Petit-Saconnex 28C
1209 Geneva","46.2228902, 6.1330114"
,,Kofi Annan Foundation,,,,"Rue de Varembé 9-11
1202 Geneva
Switzerland","46.2213651, 6.1395961"
,,WMO World Meteorological Organization,,,,"Avenue de la Paix 7bis
1202 Geneva
Switzerland","46.2232525, 6.146247685692625"
,,ISHR International Service for Human Rights,,,,"Rue de Varembé 1
1211 Geneva
Switzerland","46.2211768, 6.1397034"
,,UNDP Office in Geneva United Nations Development Programme 2,,,,"Chemin des Anémones 11-13
1219 Châtelaine
Switzerland","46.2137418, 6.11109"
,,CCIG Chambre de Commerce d'Industrie et des Services de Geneve,,,,4 boulevard du Théâtre 1204 Genève,"46.2022496, 6.1416388"
,,WCC World Council of Churches,,,,"150 Route de Ferney
1218 Le Grand Saconnex
Switzerland","46.2299159, 6.1286488"
,,Fondation pour Geneve,,,,"Rue de Varembé 9-11
1202 Geneva
Switzerland","46.2213651, 6.1395961"
,,Graduate Institute Geneva,,,,"Chemin Eugène-Rigot 2
1202 Geneva
Switzerland","46.221187900000004, 6.1438173734879"
,,NRC Norwegian Refugee Council Geneva Office ,,,,"La Voie-Creuse 16
1202 Geneva
Switzerland","46.2199117, 6.143235"
,,United Nations Environment Programme Geneva Office,,,,"Chemin des Anémones 11-13
1219 Châtelaine
Switzerland","46.2137418, 6.11109"
,,IDMC Internal Displacement Monitoring Centre,,,,"La Voie-Creuse 16
1202 Genève
Switzerland","46.2199117, 6.143235"